inputId,Score
0,1.6786
1,5.9663
2,6.8559
3,1.0670
4,6.8559
5,6.8559
6,8.9097
7,2.5102
8,3.6858
9,2.5102
10,1.0670
11,3.5116
12,1.0670
13,3.5116
14,69.0776
15,3.5116
16,1.6786
17,1.0670
18,3.5116
19,5.1347
20,2.2818
21,5.1291
22,69.0776
23,5.1347
24,6.8559
25,2.6651
26,69.0776
27,1.6786
28,1.0670
29,8.9097
30,69.0776
31,3.5116
32,1.0670
33,8.9097
34,6.8559
35,6.8559
36,1.6786
37,37.7695
38,37.7695
39,8.9097
40,1.0670
41,1.6786
42,1.6786
43,1.0670
44,3.5116
45,2.2818
46,2.2818
47,2.6651
48,2.5102
49,69.0776
50,4.5081
51,8.9097
52,1.6786
53,1.6786
54,8.9097
55,5.1347
56,1.0670
57,6.8559
58,1.0670
59,1.6786
60,2.5102
61,2.6651
62,1.0670
63,1.0670
64,1.0670
65,1.6786
66,5.1347
67,1.0670
68,5.1347
69,1.0670
70,5.9663
71,69.0776
72,2.5102
73,1.0670
74,1.0670
75,2.5102
76,1.6786
77,1.0670
78,2.5102
79,3.5116
80,1.0670
81,2.2818
82,1.0670
83,1.0670
84,4.2975
85,3.5116
86,1.6786
87,1.6786
88,1.0670
89,6.1304
90,1.6786
91,2.5102
92,1.6786
93,3.5116
94,69.0776
95,1.6786
96,7.9084
97,1.6786
98,1.6786
99,2.2818
100,8.9097
101,8.9097
102,1.0670
103,3.5116
104,1.0670
105,3.5116
106,3.6858
107,2.6651
108,4.2975
109,37.7695
110,1.0670
111,1.0670
112,2.2818
113,2.2818
114,4.2975
115,1.0670
116,37.7695
117,3.5116
118,2.5102
119,5.9663
120,8.9097
121,2.5102
122,8.9097
123,3.5116
124,8.9097
125,8.9097
126,1.0670
127,1.0670
128,6.8559
129,1.6786
130,1.6786
131,8.9097
132,1.6786
133,1.0670
134,1.6786
135,1.0670
136,1.6786
137,2.5102
138,2.5102
139,2.2818
140,2.6651
141,7.9084
142,2.2818
143,69.0776
144,1.0670
145,1.6786
146,1.0670
147,2.6651
148,1.6786
149,2.5102
150,8.9097
151,4.5081
152,3.5116
153,2.6651
154,2.5102
155,1.6786
156,69.0776
157,3.5116
158,2.5102
159,2.2818
160,7.8572
161,37.7695
162,2.5102
163,2.6651
164,3.5116
165,3.5116
166,2.2818
167,8.9097
168,1.0670
169,3.5116
170,1.0670
171,3.5116
172,2.5102
173,3.5116
174,69.0776
175,2.6651
176,2.6651
177,2.5102
178,4.5081
179,69.0776
180,2.2818
181,1.0670
182,2.5102
183,8.9097
184,2.2818
185,2.6651
186,8.9097
187,2.5102
188,4.2975
189,1.0670
190,3.5116
191,2.6651
192,3.6858
193,2.5102
194,1.0670
195,1.0670
196,69.0776
197,8.9097
198,2.2818
199,69.0776
200,1.6786
201,2.6651
202,1.0670
203,8.9097
204,4.2975
205,1.6786
206,1.0670
207,1.0670
208,1.6786
209,6.8559
210,69.0776
211,2.5102
212,1.6786
213,3.5116
214,4.2975
215,2.5102
216,2.5102
217,6.8559
218,69.0776
219,1.0670
220,1.0670
221,2.5102
222,1.0670
223,3.5116
224,1.0670
225,6.9677
226,1.0670
227,1.0670
228,3.5116
229,3.5116
230,1.0670
231,6.8559
232,1.0670
233,1.6786
234,1.0670
235,1.0670
236,1.0670
237,69.0776
238,69.0776
239,2.2818
240,1.6786
241,2.5102
242,2.6651
243,3.5116
244,6.8559
245,2.2818
246,2.2818
247,2.2818
248,1.0670
249,69.0776
250,1.0670
251,3.5116
252,2.5102
253,3.5116
254,2.2818
255,2.5102
256,8.9097
257,2.5102
258,37.7695
259,6.8559
260,2.5102
261,2.5102
262,69.0776
263,1.6786
264,3.5116
265,6.8559
266,4.1084
267,3.5116
268,2.5102
269,2.2818
270,37.7695
271,2.2818
272,3.5116
273,4.2975
274,2.5102
275,37.7695
276,1.0670
277,1.0670
278,1.6786
279,8.9097
280,1.6786
281,2.5102
282,7.9084
283,69.0776
284,3.5116
285,2.5102
286,1.0670
287,1.0670
288,5.1291
289,2.5102
290,5.1097
291,8.9097
292,69.0776
293,1.6786
294,2.5102
295,2.5102
296,3.5116
297,2.5102
298,8.9097
299,1.0670
300,69.0776
301,2.2818
302,3.5116
303,2.6651
304,1.6786
305,2.5102
306,2.2818
307,2.6651
308,5.1347
309,37.7695
310,69.0776
311,3.5116
312,2.2818
313,1.0670
314,3.6858
315,2.2818
316,1.6786
317,1.6786
318,3.5116
319,2.2818
320,5.1291
321,8.9097
322,4.2975
323,2.5102
324,7.9084
325,4.1084
326,6.8559
327,69.0776
328,1.6786
329,6.8559
330,1.6786
331,69.0776
332,69.0776
333,2.5102
334,3.5116
335,2.5102
336,2.5102
337,1.0670
338,1.0670
339,5.1097
340,6.9677
341,8.9097
342,1.6786
343,1.6786
344,1.6786
345,1.6786
346,3.6858
347,3.5116
348,3.5116
349,3.5116
350,69.0776
351,2.5102
352,1.6786
353,5.1097
354,1.6786
355,1.0670
356,3.5116
357,2.2818
358,5.1291
359,1.6786
360,1.6786
361,8.9097
362,69.0776
363,1.6786
364,3.5116
365,7.9084
366,69.0776
367,1.0670
368,2.5102
369,2.2818
370,2.2818
371,2.5102
372,69.0776
373,2.5102
374,2.5102
375,4.2975
376,1.6786
377,3.5116
378,1.0670
379,4.5081
380,1.0670
381,1.6786
382,2.6651
383,1.0670
384,1.6786
385,8.9097
386,1.0670
387,1.6786
388,5.1291
389,69.0776
390,6.8559
391,4.5081
392,2.5102
393,8.9097
394,1.6786
395,2.2818
396,3.5116
397,2.5102
398,1.0670
399,4.2975
400,1.0670
401,3.5116
402,1.0670
403,2.2818
404,2.5102
405,1.6786
406,8.9097
407,5.9663
408,8.9097
409,2.6651
410,1.0670
411,6.8559
412,1.6786
413,6.8559
414,1.6786
415,2.5102
416,5.9663
417,8.9097
418,69.0776
419,1.0670
420,69.0776
421,3.5116
422,6.8559
423,2.6651
424,2.5102
425,3.5116
426,1.6786
427,3.5116
428,2.5102
429,6.8559
430,2.5102
431,3.5116
432,1.0670
433,1.6786
434,2.6651
435,1.6786
436,1.6786
437,69.0776
438,4.2975
439,5.1347
440,4.1084
441,1.6786
442,1.6786
443,8.9097
444,2.2818
445,2.6651
446,3.5116
447,1.6786
448,1.6786
449,1.0670
450,1.0670
451,1.6786
452,1.6786
453,3.5116
454,1.0670
455,3.2768
456,8.9097
457,69.0776
458,37.7695
459,3.5116
460,3.5116
461,2.6651
462,2.2818
463,1.0670
464,3.5116
465,4.2975
466,1.6786
467,2.2818
468,3.5116
469,2.2818
470,3.5116
471,1.6786
472,1.0670
473,2.5102
474,4.2975
475,2.5102
476,1.0670
477,3.5116
478,69.0776
479,4.2975
480,2.5102
481,4.2975
482,4.2975
483,6.8559
484,2.5102
485,1.0670
486,1.6786
487,2.5102
488,1.6786
489,2.5102
490,2.5102
491,3.5116
492,1.6786
493,1.6786
494,1.0670
495,2.5102
496,2.5102
497,1.6786
498,2.6651
499,69.0776
500,2.6651
501,3.5116
502,2.2818
503,2.6651
504,69.0776
505,1.0670
506,2.6651
507,3.5116
508,2.5102
509,37.7695
510,5.1347
511,2.2818
512,2.6651
513,8.9097
514,3.5116
515,3.5116
516,3.5116
517,2.2818
518,8.9097
519,3.5116
520,3.5116
521,1.0670
522,1.0670
523,1.0670
524,2.6651
525,1.0670
526,2.2818
527,6.8559
528,1.6786
529,1.0670
530,3.5116
531,2.5102
532,2.2818
533,1.6786
534,6.8559
535,2.5102
536,3.5116
537,37.7695
538,69.0776
539,3.5116
540,4.2975
541,1.0670
542,8.9097
543,69.0776
544,2.6651
545,1.6786
546,39.1652
547,1.6786
548,1.6786
549,3.5116
550,4.2975
551,1.6786
552,1.0670
553,1.0670
554,2.5102
555,1.6786
556,8.9097
557,6.8559
558,5.9663
559,6.1304
560,3.5116
561,39.1652
562,8.9097
563,1.0670
564,2.5102
565,2.5102
566,1.6786
567,1.0670
568,2.2818
569,6.8559
570,2.5102
571,5.1291
572,1.6786
573,6.8559
574,1.6786
575,3.5116
576,1.0670
577,1.0670
578,2.2818
579,5.1347
580,2.6651
581,2.2818
582,1.0670
583,2.6651
584,5.1097
585,3.5116
586,2.6651
587,3.5116
588,1.6786
589,6.8559
590,8.9097
591,3.5116
592,1.6786
593,3.5116
594,69.0776
595,2.5102
596,2.5102
597,6.8559
598,4.1084
599,1.0670
600,1.6786
601,3.5116
602,5.1347
603,3.5116
604,2.5102
605,2.2818
606,6.8559
607,8.9097
608,2.5102
609,2.6651
610,1.0670
611,69.0776
612,2.6651
613,8.9097
614,3.5116
615,1.0670
616,2.6651
617,4.2975
618,2.5102
619,8.9097
620,5.1097
621,3.5116
622,3.5116
623,2.2818
624,3.5116
625,8.9097
626,3.5116
627,6.8559
628,69.0776
629,5.1347
630,3.6858
631,3.5116
632,1.0670
633,1.0670
634,3.5116
635,69.0776
636,2.5102
637,1.0670
638,3.5116
639,1.0670
640,2.2818
641,6.8559
642,2.5102
643,69.0776
644,3.5116
645,1.0670
646,2.5102
647,3.5116
648,3.5116
649,1.6786
650,1.0670
651,6.8559
652,1.6786
653,2.5102
654,1.0670
655,3.5116
656,2.6651
657,8.9097
658,1.6786
659,3.5116
660,2.5102
661,37.7695
662,1.6786
663,2.2818
664,2.5102
665,1.6786
666,7.9084
667,2.2818
668,69.0776
669,4.2975
670,69.0776
671,1.0670
672,1.0670
673,3.5116
674,3.5116
675,69.0776
676,1.6786
677,1.0670
678,3.5116
679,2.2818
680,37.7695
681,5.1347
682,1.0670
683,3.5116
684,1.0670
685,5.9663
686,39.1652
687,4.1084
688,1.6786
689,2.2818
690,3.5116
691,1.0670
692,2.5102
693,5.1291
694,2.6651
695,2.6651
696,2.5102
697,4.5081
698,2.5102
699,3.5116
700,69.0776
701,5.1347
702,4.2975
703,2.2818
704,3.6858
705,1.0670
706,1.6786
707,2.5102
708,37.7695
709,1.6786
710,1.6786
711,2.2818
712,1.6786
713,69.0776
714,1.0670
715,1.6786
716,1.0670
717,1.0670
718,1.6786
719,69.0776
720,2.5102
721,3.5116
722,1.0670
723,1.0670
724,5.1347
725,1.0670
726,69.0776
727,2.2818
728,1.0670
729,4.2975
730,5.9663
731,2.6651
732,1.6786
733,2.6651
734,8.9097
735,1.6786
736,1.6786
737,3.5116
738,6.8559
739,3.5116
740,1.0670
741,6.8559
742,1.6786
743,2.2818
744,2.2818
745,1.0670
746,2.5102
747,2.5102
748,2.6651
749,2.2818
750,69.0776
751,3.5116
752,4.2975
753,2.5102
754,3.5116
755,2.6651
756,2.5102
757,2.2818
758,2.6651
759,1.0670
760,2.6651
761,2.6651
762,4.2975
763,37.7695
764,1.0670
765,2.5102
766,3.5116
767,5.1347
768,1.6786
769,2.5102
770,3.5116
771,3.5116
772,3.5116
773,4.2975
774,37.7695
775,1.0670
776,1.0670
777,2.6651
778,37.7695
779,2.2818
780,2.5102
781,1.6786
782,1.0670
783,2.5102
784,2.6651
785,5.1347
786,1.6786
787,4.2975
788,1.6786
789,2.5102
790,69.0776
791,1.0670
792,1.0670
793,3.5116
794,8.9097
795,2.6651
796,1.6786
797,3.5116
798,3.5116
799,3.5116
800,2.2818
801,1.0670
802,4.1084
803,5.1347
804,1.6786
805,2.6651
806,8.9097
807,4.2975
808,1.0670
809,37.7695
810,2.5102
811,2.5102
812,3.5116
813,8.9097
814,2.5102
815,1.6786
816,2.2818
817,3.5116
818,69.0776
819,4.2975
820,1.0670
821,5.9663
822,8.9097
823,3.6858
824,1.6786
825,8.9097
826,1.0670
827,3.5116
828,6.8559
829,2.2818
830,3.5116
831,2.5102
832,1.0670
833,1.6786
834,6.8559
835,37.7695
836,3.5116
837,1.0670
838,4.2975
839,4.2975
840,2.2818
841,4.5081
842,1.0670
843,69.0776
844,5.1347
845,6.8559
846,3.5116
847,69.0776
848,69.0776
849,1.6786
850,7.9084
851,2.6651
852,3.6858
853,1.0670
854,2.5102
855,4.1084
856,1.6786
857,6.1304
858,2.5102
859,2.5102
860,5.1291
861,2.2818
862,2.6651
863,1.0670
864,1.6786
865,2.5102
866,3.5116
867,1.0670
868,5.9663
869,8.9097
870,2.5102
871,37.7695
872,1.6786
873,37.7695
874,1.0670
875,1.6786
876,4.2975
877,1.6786
878,5.1347
879,2.2818
880,3.5116
881,8.9097
882,2.6651
883,37.7695
884,1.0670
885,69.0776
886,8.9097
887,5.1291
888,69.0776
889,1.6786
890,1.0670
891,1.0670
892,3.5116
893,2.5102
894,4.2975
895,2.2818
896,1.0670
897,2.5102
898,1.6786
899,2.6651
900,2.5102
901,1.0670
902,4.1084
903,3.5116
904,4.2975
905,2.5102
906,2.2818
907,69.0776
908,1.6786
909,2.6651
910,2.5102
911,4.2975
912,2.5102
913,69.0776
914,39.1652
915,6.8559
916,1.6786
917,4.2975
918,1.0670
919,8.9097
920,3.5116
921,1.0670
922,3.5116
923,1.6786
924,2.5102
925,2.2818
926,2.5102
927,4.2975
928,3.6858
929,3.5116
930,1.0670
931,6.8559
932,2.5102
933,1.6786
934,1.0670
935,3.5116
936,6.8559
937,1.6786
938,69.0776
939,1.0670
940,2.5102
941,3.5116
942,2.5102
943,4.2975
944,8.9097
945,1.0670
946,2.5102
947,1.0670
948,2.2818
949,6.9677
950,2.6651
951,3.5116
952,5.9663
953,69.0776
954,40.2177
955,2.2818
956,69.0776
957,3.6858
958,2.2818
959,1.0670
960,2.5102
961,2.6651
962,3.5116
963,6.8559
964,2.5102
965,2.5102
966,2.2818
967,1.6786
968,69.0776
969,1.0670
970,2.5102
971,2.2818
972,3.5116
973,2.6651
974,69.0776
975,1.6786
976,37.7695
977,3.5116
978,2.5102
979,1.0670
980,6.8559
981,8.9097
982,3.5116
983,1.6786
984,1.0670
985,5.1347
986,1.0670
987,2.5102
988,3.5116
989,3.5116
990,3.5116
991,6.8559
992,3.5116
993,69.0776
994,2.5102
995,1.0670
996,69.0776
997,1.6786
998,1.6786
999,5.9663
1000,4.2975
1001,7.9084
1002,2.6651
1003,8.9097
1004,6.1304
1005,1.6786
1006,4.2975
1007,6.9677
1008,2.5102
1009,6.8559
1010,1.0670
1011,2.5102
1012,2.5102
1013,3.5116
1014,2.6651
1015,4.2975
1016,3.5116
1017,2.6651
1018,8.9097
1019,8.9097
1020,3.5116
1021,2.5102
1022,2.2818
1023,2.2818
1024,1.0670
1025,1.0670
1026,1.6786
1027,2.5102
1028,69.0776
1029,3.5116
1030,1.0670
1031,2.6651
1032,6.8559
1033,8.9097
1034,1.0670
1035,2.5102
1036,2.2818
1037,69.0776
1038,2.2818
1039,2.5102
1040,5.1347
1041,1.0670
1042,2.5102
1043,69.0776
1044,1.0670
1045,1.6786
1046,1.0670
1047,6.8559
1048,1.6786
1049,1.0670
1050,1.0670
1051,1.0670
1052,5.9663
1053,1.0670
1054,1.0670
1055,4.2975
1056,2.5102
1057,5.1347
1058,1.0670
1059,7.8572
1060,3.6858
1061,1.6786
1062,2.2818
1063,1.6786
1064,1.0670
1065,2.5102
1066,2.5102
1067,7.9084
1068,3.5116
1069,1.0670
1070,2.6651
1071,2.6651
1072,2.2818
1073,1.0670
1074,2.2818
1075,6.8559
1076,1.0670
1077,3.5116
1078,4.2975
1079,69.0776
1080,1.0670
1081,2.2818
1082,3.5116
1083,69.0776
1084,8.9097
1085,2.5102
1086,3.5116
1087,69.0776
1088,8.9097
1089,4.2975
1090,69.0776
1091,3.5116
1092,1.0670
1093,2.5102
1094,1.6786
1095,1.6786
1096,1.6786
1097,3.5116
1098,1.6786
1099,1.0670
1100,1.6786
1101,3.5116
1102,1.0670
1103,2.2818
1104,1.0670
1105,2.6651
1106,69.0776
1107,8.9097
1108,4.2975
1109,3.6858
1110,5.1347
1111,4.2975
1112,2.2818
1113,1.6786
1114,6.8559
1115,1.0670
1116,2.5102
1117,5.1347
1118,3.5116
1119,2.2818
1120,8.9097
1121,1.0670
1122,1.0670
1123,1.0670
1124,2.2818
1125,1.6786
1126,4.2975
1127,3.6858
1128,3.5116
1129,1.0670
1130,8.9097
1131,69.0776
1132,8.9097
1133,3.5116
1134,8.9097
1135,2.5102
1136,2.5102
1137,2.5102
1138,3.5116
1139,2.6651
1140,2.5102
1141,3.5116
1142,69.0776
1143,3.5116
1144,3.5116
1145,3.5116
1146,3.5116
1147,5.1347
1148,1.6786
1149,3.5116
1150,2.2818
1151,8.9097
1152,6.8559
1153,69.0776
1154,1.6786
1155,1.0670
1156,1.0670
1157,3.5116
1158,1.0670
1159,6.8559
1160,1.6786
1161,1.0670
1162,2.2818
1163,5.1347
1164,8.9097
1165,6.8559
1166,69.0776
1167,5.1291
1168,1.6786
1169,1.6786
1170,1.0670
1171,1.0670
1172,1.0670
1173,3.6858
1174,1.6786
1175,69.0776
1176,69.0776
1177,5.1347
1178,1.6786
1179,1.0670
1180,1.0670
1181,2.5102
1182,2.5102
1183,2.6651
1184,37.7695
1185,1.0670
1186,2.2818
1187,1.0670
1188,37.7695
1189,2.2818
1190,1.0670
1191,2.5102
1192,4.2975
1193,3.5116
1194,1.0670
1195,1.6786
1196,8.9097
1197,6.8559
1198,1.0670
1199,3.5116
1200,37.7695
1201,1.0670
1202,2.5102
1203,3.5116
1204,1.0670
1205,3.5116
1206,3.5116
1207,37.7695
1208,1.6786
1209,2.5102
1210,2.5102
1211,2.6651
1212,1.0670
1213,5.1347
1214,3.5116
1215,8.9097
1216,2.5102
1217,8.9097
1218,3.5116
1219,2.2818
1220,2.5102
1221,2.5102
1222,8.9097
1223,2.5102
1224,1.0670
1225,1.0670
1226,37.7695
1227,1.0670
1228,2.5102
1229,1.6786
1230,1.0670
1231,2.5102
1232,1.6786
1233,1.6786
1234,2.5102
1235,69.0776
1236,69.0776
1237,8.9097
1238,3.5116
1239,37.7695
1240,3.6858
1241,2.6651
1242,7.8572
1243,1.0670
1244,6.1304
1245,3.5116
1246,2.6651
1247,2.2818
1248,69.0776
1249,3.5116
1250,69.0776
1251,7.9084
1252,1.6786
1253,7.9084
1254,1.0670
1255,1.0670
1256,2.5102
1257,2.5102
1258,4.2975
1259,1.0670
1260,3.5116
1261,1.6786
1262,1.0670
1263,1.0670
1264,2.5102
1265,1.0670
1266,4.2975
1267,8.9097
1268,4.2975
1269,69.0776
1270,8.9097
1271,1.0670
1272,1.6786
1273,1.0670
1274,2.5102
1275,69.0776
1276,37.7695
1277,8.9097
1278,8.9097
1279,6.8559
1280,1.0670
1281,8.9097
1282,4.2975
1283,2.2818
1284,1.6786
1285,2.6651
1286,3.5116
1287,2.5102
1288,1.0670
1289,1.0670
1290,3.5116
1291,2.5102
1292,2.6651
1293,2.5102
1294,1.6786
1295,69.0776
1296,1.0670
1297,8.9097
1298,1.0670
1299,2.5102
1300,3.5116
1301,3.5116
1302,2.5102
1303,2.6651
1304,7.9084
1305,3.5116
1306,1.0670
1307,3.5116
1308,1.0670
1309,69.0776
1310,1.0670
1311,1.0670
1312,2.5102
1313,2.5102
1314,1.0670
1315,1.0670
1316,5.9663
1317,1.0670
1318,69.0776
1319,1.0670
1320,2.6651
1321,3.5116
1322,2.6651
1323,1.0670
1324,4.5081
1325,3.5116
1326,6.8559
1327,1.6786
1328,4.2975
1329,1.0670
1330,1.0670
1331,1.0670
1332,2.5102
1333,1.6786
1334,3.5116
1335,5.1347
1336,69.0776
1337,37.7695
1338,2.5102
1339,69.0776
1340,1.0670
1341,2.6651
1342,1.6786
1343,1.0670
1344,5.1347
1345,37.7695
1346,2.2818
1347,1.6786
1348,1.0670
1349,6.8559
1350,1.6786
1351,3.5116
1352,5.1097
1353,3.5116
1354,2.6651
1355,3.5116
1356,1.0670
1357,2.5102
1358,7.9084
1359,69.0776
1360,1.0670
1361,2.5102
1362,4.2975
1363,2.6651
1364,8.9097
1365,2.5102
1366,2.5102
1367,5.1347
1368,69.0776
1369,8.9097
1370,2.5102
1371,5.1347
1372,2.2818
1373,1.6786
1374,6.8559
1375,1.0670
1376,1.0670
1377,5.9663
1378,2.5102
1379,6.8559
1380,69.0776
1381,3.5116
1382,69.0776
1383,2.5102
1384,7.9084
1385,4.5081
1386,1.0670
1387,2.5102
1388,2.5102
1389,1.0670
1390,1.0670
1391,8.9097
1392,1.6786
1393,2.2818
1394,2.5102
1395,2.5102
1396,3.5116
1397,1.6786
1398,1.6786
1399,2.6651
1400,1.6786
1401,2.6651
1402,1.6786
1403,6.8559
1404,3.5116
1405,4.5081
1406,1.6786
1407,3.5116
1408,8.9097
1409,1.0670
1410,3.5116
1411,1.6786
1412,3.5116
1413,1.6786
1414,5.1291
1415,2.5102
1416,2.5102
1417,2.2818
1418,2.5102
1419,2.5102
1420,1.0670
1421,69.0776
1422,8.9097
1423,8.9097
1424,2.2818
1425,2.5102
1426,1.0670
1427,2.2818
1428,1.0670
1429,4.2975
1430,1.0670
1431,1.0670
1432,2.5102
1433,2.5102
1434,1.0670
1435,6.8559
1436,5.1291
1437,69.0776
1438,2.5102
1439,1.0670
1440,1.0670
1441,8.9097
1442,5.9663
1443,3.5116
1444,3.5116
1445,3.5116
1446,2.5102
1447,2.2818
1448,1.0670
1449,2.2818
1450,2.2818
1451,2.5102
1452,4.2975
1453,2.5102
1454,5.9663
1455,8.9097
1456,3.5116
1457,2.5102
1458,69.0776
1459,69.0776
1460,1.0670
1461,1.0670
1462,2.5102
1463,2.2818
1464,2.6651
1465,1.0670
1466,5.1097
1467,69.0776
1468,1.0670
1469,1.0670
1470,69.0776
1471,6.8559
1472,37.7695
1473,1.6786
1474,1.0670
1475,1.6786
1476,4.1084
1477,1.0670
1478,69.0776
1479,3.5116
1480,4.2975
1481,69.0776
1482,37.7695
1483,1.6786
1484,6.8559
1485,7.9084
1486,1.6786
1487,3.5116
1488,3.5116
1489,37.7695
1490,2.2818
1491,6.8559
1492,2.5102
1493,7.8572
1494,2.2818
1495,1.6786
1496,2.2818
1497,2.6651
1498,1.6786
1499,2.2818
1500,1.6786
1501,37.7695
1502,8.9097
1503,1.0670
1504,1.6786
1505,3.6858
1506,2.6651
1507,1.6786
1508,8.9097
1509,2.5102
1510,4.2975
1511,2.5102
1512,3.6858
1513,1.6786
1514,69.0776
1515,2.2818
1516,2.6651
1517,2.2818
1518,1.0670
1519,8.9097
1520,2.5102
1521,2.5102
1522,69.0776
1523,2.5102
1524,1.0670
1525,4.1084
1526,3.5116
1527,1.0670
1528,2.6651
1529,2.5102
1530,1.0670
1531,69.0776
1532,69.0776
1533,4.2975
1534,2.5102
1535,4.2975
1536,1.6786
1537,4.5081
1538,2.2818
1539,1.0670
1540,1.6786
1541,1.0670
1542,1.0670
1543,1.0670
1544,1.6786
1545,1.6786
1546,2.6651
1547,37.7695
1548,2.5102
1549,6.8559
1550,1.0670
1551,6.8559
1552,2.6651
1553,5.9663
1554,1.6786
1555,3.5116
1556,1.0670
1557,3.5116
1558,6.1304
1559,1.6786
1560,1.6786
1561,69.0776
1562,1.0670
1563,6.8559
1564,1.6786
1565,2.6651
1566,69.0776
1567,2.2818
1568,7.9084
1569,4.2975
1570,2.2818
1571,1.0670
1572,2.6651
1573,3.6858
1574,1.6786
1575,69.0776
1576,1.0670
1577,5.9663
1578,8.9097
1579,5.9663
1580,2.6651
1581,2.2818
1582,3.5116
1583,5.1097
1584,2.5102
1585,3.5116
1586,1.6786
1587,3.5116
1588,1.6786
1589,1.0670
1590,5.1097
1591,5.1097
1592,5.1347
1593,2.5102
1594,8.9097
1595,69.0776
1596,1.0670
1597,3.5116
1598,2.5102
1599,69.0776
1600,5.1347
1601,2.6651
1602,8.9097
1603,2.2818
1604,1.6786
1605,1.6786
1606,3.5116
1607,3.5116
1608,1.0670
1609,6.8559
1610,2.5102
1611,8.9097
1612,8.9097
1613,1.0670
1614,2.5102
1615,2.2818
1616,3.5116
1617,2.2818
1618,1.0670
1619,6.8559
1620,2.5102
1621,6.8559
1622,2.6651
1623,2.2818
1624,2.5102
1625,1.0670
1626,1.6786
1627,3.5116
1628,3.6858
1629,8.9097
1630,2.5102
1631,2.5102
1632,6.8559
1633,69.0776
1634,3.5116
1635,5.1097
1636,2.5102
1637,6.8559
1638,1.6786
1639,8.9097
1640,69.0776
1641,2.5102
1642,3.5116
1643,1.6786
1644,2.5102
1645,1.0670
1646,5.9663
1647,1.0670
1648,1.0670
1649,2.6651
1650,5.1291
1651,2.6651
1652,2.5102
1653,69.0776
1654,5.9663
1655,69.0776
1656,2.5102
1657,1.0670
1658,1.6786
1659,1.0670
1660,2.6651
1661,1.0670
1662,1.6786
1663,2.5102
1664,1.0670
1665,1.0670
1666,5.9663
1667,8.9097
1668,1.6786
1669,3.5116
1670,69.0776
1671,1.0670
1672,8.9097
1673,5.1097
1674,1.0670
1675,4.2975
1676,1.6786
1677,8.9097
1678,1.0670
1679,1.0670
1680,4.2975
1681,1.6786
1682,3.5116
1683,2.5102
1684,8.9097
1685,1.0670
1686,3.6858
1687,8.9097
1688,2.5102
1689,2.5102
1690,2.5102
1691,3.5116
1692,7.9084
1693,1.0670
1694,2.6651
1695,6.9677
1696,2.5102
1697,8.9097
1698,1.0670
1699,7.8572
1700,2.5102
1701,3.5116
1702,3.5116
1703,7.8572
1704,1.0670
1705,4.5081
1706,7.9084
1707,2.2818
1708,1.0670
1709,6.8559
1710,2.5102
1711,2.2818
1712,37.7695
1713,1.6786
1714,3.5116
1715,3.5116
1716,1.0670
1717,1.6786
1718,3.5116
1719,4.2975
1720,1.0670
1721,2.5102
1722,3.5116
1723,69.0776
1724,2.2818
1725,1.6786
1726,2.2818
1727,3.5116
1728,2.5102
1729,37.7695
1730,6.8559
1731,3.5116
1732,2.5102
1733,6.8559
1734,69.0776
1735,1.0670
1736,3.5116
1737,2.6651
1738,2.5102
1739,8.9097
1740,5.1347
1741,1.0670
1742,69.0776
1743,1.0670
1744,1.6786
1745,1.0670
1746,2.5102
1747,1.0670
1748,5.1291
1749,2.5102
1750,2.2818
1751,1.0670
1752,3.5116
1753,2.5102
1754,2.6651
1755,2.5102
1756,8.9097
1757,1.6786
1758,2.5102
1759,4.1084
1760,69.0776
1761,8.9097
1762,2.5102
1763,8.9097
1764,1.6786
1765,1.0670
1766,3.5116
1767,2.2818
1768,1.6786
1769,2.6651
1770,2.5102
1771,8.9097
1772,1.0670
1773,2.2818
1774,5.9663
1775,2.6651
1776,1.6786
1777,6.8559
1778,1.0670
1779,3.5116
1780,2.5102
1781,1.0670
1782,1.0670
1783,1.6786
1784,1.6786
1785,2.2818
1786,1.6786
1787,2.2818
1788,2.6651
1789,37.7695
1790,6.8559
1791,3.5116
1792,1.0670
1793,2.2818
1794,69.0776
1795,2.5102
1796,3.5116
1797,5.9663
1798,2.5102
1799,2.5102
1800,8.9097
1801,1.0670
1802,3.5116
1803,7.8572
1804,1.6786
1805,1.0670
1806,1.6786
1807,2.6651
1808,1.0670
1809,1.0670
1810,1.0670
1811,6.8559
1812,1.0670
1813,1.6786
1814,6.8559
1815,2.6651
1816,3.5116
1817,2.5102
1818,4.1084
1819,3.5116
1820,2.6651
1821,8.9097
1822,3.5116
1823,1.0670
1824,2.2818
1825,37.7695
1826,6.8559
1827,6.8559
1828,2.6651
1829,69.0776
1830,1.0670
1831,3.5116
1832,8.9097
1833,3.5116
1834,3.5116
1835,1.0670
1836,6.8559
1837,1.6786
1838,2.2818
1839,69.0776
1840,1.6786
1841,1.0670
1842,8.9097
1843,2.5102
1844,8.9097
1845,1.6786
1846,2.5102
1847,8.9097
1848,3.5116
1849,1.6786
1850,8.9097
1851,69.0776
1852,1.6786
1853,2.5102
1854,2.5102
1855,3.5116
1856,3.5116
1857,1.0670
1858,2.5102
1859,4.2975
1860,5.9663
1861,1.6786
1862,1.0670
1863,4.1084
1864,3.5116
1865,3.5116
1866,2.2818
1867,1.0670
1868,1.0670
1869,8.9097
1870,3.5116
1871,2.2818
1872,1.0670
1873,2.2818
1874,2.5102
1875,1.6786
1876,1.0670
1877,1.0670
1878,1.0670
1879,8.9097
1880,1.6786
1881,7.9084
1882,1.6786
1883,1.0670
1884,2.2818
1885,1.6786
1886,3.5116
1887,2.5102
1888,8.9097
1889,1.6786
1890,4.1084
1891,1.0670
1892,1.0670
1893,2.5102
1894,2.6651
1895,69.0776
1896,1.6786
1897,2.5102
1898,3.5116
1899,2.5102
1900,69.0776
1901,3.5116
1902,1.0670
1903,1.0670
1904,2.6651
1905,1.0670
1906,1.6786
1907,2.2818
1908,2.5102
1909,2.5102
1910,8.9097
1911,2.5102
1912,3.5116
1913,69.0776
1914,1.0670
1915,1.6786
1916,1.0670
1917,3.5116
1918,2.6651
1919,5.1347
1920,1.6786
1921,3.5116
1922,3.5116
1923,2.6651
1924,2.6651
1925,2.2818
1926,2.6651
1927,1.0670
1928,3.5116
1929,2.5102
1930,69.0776
1931,8.9097
1932,8.9097
1933,37.7695
1934,2.5102
1935,37.7695
1936,1.0670
1937,3.5116
1938,1.6786
1939,5.1097
1940,3.5116
1941,2.5102
1942,2.2818
1943,5.9663
1944,2.5102
1945,2.2818
1946,37.7695
1947,5.9663
1948,5.1347
1949,3.5116
1950,1.0670
1951,1.6786
1952,2.5102
1953,2.2818
1954,1.0670
1955,2.6651
1956,5.9663
1957,69.0776
1958,8.9097
1959,3.6858
1960,3.5116
1961,3.5116
1962,1.6786
1963,1.0670
1964,69.0776
1965,3.5116
1966,1.6786
1967,1.0670
1968,3.5116
1969,2.6651
1970,1.6786
1971,4.2975
1972,8.9097
1973,1.0670
1974,3.5116
1975,8.9097
1976,3.5116
1977,69.0776
1978,4.5081
1979,2.5102
1980,1.6786
1981,1.6786
1982,1.6786
1983,1.0670
1984,6.8559
1985,3.5116
1986,2.5102
1987,2.2818
1988,8.9097
1989,2.5102
1990,8.9097
1991,8.9097
1992,4.2975
1993,2.5102
1994,2.5102
1995,1.0670
1996,69.0776
1997,5.9663
1998,1.6786
1999,3.5116
2000,1.0670
2001,6.8559
2002,2.2818
2003,2.6651
2004,69.0776
2005,8.9097
2006,1.6786
2007,37.7695
2008,8.9097
2009,6.8559
2010,3.5116
2011,69.0776
2012,2.5102
2013,1.6786
2014,5.9663
2015,3.5116
2016,2.5102
2017,1.0670
2018,2.5102
2019,5.9663
2020,1.6786
2021,3.5116
2022,5.9663
2023,2.5102
2024,5.1347
2025,2.2818
2026,1.0670
2027,1.0670
2028,69.0776
2029,2.6651
2030,3.5116
2031,37.7695
2032,1.6786
2033,1.6786
2034,8.9097
2035,2.5102
2036,2.5102
2037,4.2975
2038,3.5116
2039,1.6786
2040,3.6858
2041,1.6786
2042,69.0776
2043,1.6786
2044,1.6786
2045,1.6786
2046,8.9097
2047,1.0670
2048,4.2975
2049,69.0776
2050,8.9097
2051,1.6786
2052,2.6651
2053,2.2818
2054,2.6651
2055,69.0776
2056,1.0670
2057,6.8559
2058,1.6786
2059,1.0670
2060,1.6786
2061,3.5116
2062,69.0776
2063,2.5102
2064,1.6786
2065,6.1304
2066,2.5102
2067,1.0670
2068,8.9097
2069,3.6858
2070,1.6786
2071,2.5102
2072,3.5116
2073,1.0670
2074,6.8559
2075,1.0670
2076,2.2818
2077,8.9097
2078,1.0670
2079,3.5116
2080,37.4384
2081,2.5102
2082,6.8559
2083,2.2818
2084,37.7695
2085,2.2818
2086,69.0776
2087,3.5116
2088,2.5102
2089,2.2818
2090,1.6786
2091,3.5116
2092,6.8559
2093,3.5116
2094,2.5102
2095,69.0776
2096,2.5102
2097,2.2818
2098,2.5102
2099,69.0776
2100,2.6651
2101,8.9097
2102,1.0670
2103,2.5102
2104,1.6786
2105,2.2818
2106,5.1291
2107,6.8559
2108,1.0670
2109,2.6651
2110,1.6786
2111,3.5116
2112,3.5116
2113,1.0670
2114,1.6786
2115,1.0670
2116,3.5116
2117,2.2818
2118,3.5116
2119,8.9097
2120,2.5102
2121,8.9097
2122,3.5116
2123,2.5102
2124,2.2818
2125,2.2818
2126,1.0670
2127,2.5102
2128,2.6651
2129,1.6786
2130,2.5102
2131,4.2975
2132,69.0776
2133,2.6651
2134,69.0776
2135,2.6651
2136,1.6786
2137,1.0670
2138,2.5102
2139,4.2975
2140,1.0670
2141,5.9663
2142,2.5102
2143,1.6786
2144,37.7695
2145,5.9663
2146,6.8559
2147,2.5102
2148,1.0670
2149,2.5102
2150,1.0670
2151,1.0670
2152,1.0670
2153,2.5102
2154,1.0670
2155,4.2975
2156,3.5116
2157,3.5116
2158,3.5116
2159,2.5102
2160,3.5116
2161,6.8559
2162,1.6786
2163,1.0670
2164,2.5102
2165,6.1304
2166,7.9084
2167,2.5102
2168,1.0670
2169,69.0776
2170,3.5116
2171,1.6786
2172,69.0776
2173,6.8559
2174,2.5102
2175,3.5116
2176,2.5102
2177,6.8559
2178,3.5116
2179,1.0670
2180,69.0776
2181,2.5102
2182,1.0670
2183,1.0670
2184,1.6786
2185,1.0670
2186,3.5116
2187,2.5102
2188,4.2975
2189,1.0670
2190,37.7695
2191,3.5116
2192,8.9097
2193,6.8559
2194,1.6786
2195,2.6651
2196,3.5116
2197,2.2818
2198,6.8559
2199,1.6786
2200,3.5116
2201,4.1084
2202,1.6786
2203,1.6786
2204,8.9097
2205,1.6786
2206,2.5102
2207,6.8559
2208,4.2975
2209,1.6786
2210,1.6786
2211,2.5102
2212,6.8559
2213,5.1347
2214,6.8559
2215,3.5116
2216,6.8559
2217,1.6786
2218,5.1347
2219,3.6858
2220,6.8559
2221,1.0670
2222,5.9663
2223,3.5116
2224,1.6786
2225,1.0670
2226,1.0670
2227,1.6786
2228,1.6786
2229,1.0670
2230,2.5102
2231,1.0670
2232,1.0670
2233,8.9097
2234,1.0670
2235,1.0670
2236,2.6651
2237,3.5116
2238,2.5102
2239,3.5116
2240,3.5116
2241,1.0670
2242,1.0670
2243,2.5102
2244,1.0670
2245,3.5116
2246,2.2818
2247,3.5116
2248,1.6786
2249,69.0776
2250,3.5116
2251,2.6651
2252,69.0776
2253,2.5102
2254,8.9097
2255,2.5102
2256,2.6651
2257,1.6786
2258,1.0670
2259,1.6786
2260,4.5081
2261,1.0670
2262,3.5116
2263,1.0670
2264,2.5102
2265,1.6786
2266,2.5102
2267,1.6786
2268,6.1304
2269,2.6651
2270,2.5102
2271,1.0670
2272,1.0670
2273,8.9097
2274,4.2975
2275,4.1084
2276,1.0670
2277,5.1347
2278,1.0670
2279,3.5116
2280,1.6786
2281,1.0670
2282,1.6786
2283,37.7695
2284,2.2818
2285,1.6786
2286,6.8559
2287,2.2818
2288,2.2818
2289,1.6786
2290,3.5116
2291,1.0670
2292,1.0670
2293,69.0776
2294,4.1084
2295,3.6858
2296,2.2818
2297,1.6786
2298,2.2818
2299,69.0776
2300,3.5116
2301,1.6786
2302,2.5102
2303,2.6651
2304,3.6858
2305,3.5116
2306,2.5102
2307,4.2975
2308,4.2975
2309,3.5116
2310,6.8559
2311,5.9663
2312,1.0670
2313,4.2975
2314,1.0670
2315,2.5102
2316,8.9097
2317,2.2818
2318,3.5116
2319,4.2975
2320,3.5116
2321,69.0776
2322,2.2818
2323,6.8559
2324,1.0670
2325,3.5116
2326,1.0670
2327,4.2975
2328,1.6786
2329,2.6651
2330,2.5102
2331,2.6651
2332,1.6786
2333,1.6786
2334,3.5116
2335,6.8559
2336,3.5116
2337,8.9097
2338,2.2818
2339,3.5116
2340,2.5102
2341,1.6786
2342,69.0776
2343,69.0776
2344,1.0670
2345,2.6651
2346,2.5102
2347,1.0670
2348,1.0670
2349,5.1291
2350,1.0670
2351,2.6651
2352,3.5116
2353,2.6651
2354,2.2818
2355,5.9663
2356,69.0776
2357,1.0670
2358,2.5102
2359,5.1347
2360,1.6786
2361,2.5102
2362,3.5116
2363,2.6651
2364,69.0776
2365,1.0670
2366,4.2975
2367,6.8559
2368,1.0670
2369,1.6786
2370,1.6786
2371,1.6786
2372,3.6858
2373,1.0670
2374,2.2818
2375,3.6858
2376,4.2975
2377,69.0776
2378,8.9097
2379,3.5116
2380,2.5102
2381,2.5102
2382,3.5116
2383,8.9097
2384,1.0670
2385,1.0670
2386,2.2818
2387,6.8559
2388,5.1347
2389,1.0670
2390,2.2818
2391,2.2818
2392,1.0670
2393,2.5102
2394,1.0670
2395,3.5116
2396,1.6786
2397,1.6786
2398,1.0670
2399,3.5116
2400,69.0776
2401,2.5102
2402,3.5116
2403,2.5102
2404,2.5102
2405,4.1084
2406,3.5116
2407,2.5102
2408,3.5116
2409,1.6786
2410,2.6651
2411,1.6786
2412,1.0670
2413,6.8559
2414,1.6786
2415,2.2818
2416,3.5116
2417,5.1097
2418,6.8559
2419,1.6786
2420,2.6651
2421,2.5102
2422,1.6786
2423,1.6786
2424,3.5116
2425,69.0776
2426,8.9097
2427,5.1347
2428,2.6651
2429,2.2818
2430,1.0670
2431,1.6786
2432,1.6786
2433,1.6786
2434,1.6786
2435,5.9663
2436,2.6651
2437,1.0670
2438,2.6651
2439,1.0670
2440,2.6651
2441,4.2975
2442,1.6786
2443,1.0670
2444,1.6786
2445,8.9097
2446,6.8559
2447,8.9097
2448,1.6786
2449,1.0670
2450,2.5102
2451,2.2818
2452,1.6786
2453,6.8559
2454,1.6786
2455,37.7695
2456,1.6786
2457,1.0670
2458,2.6651
2459,5.1347
2460,3.5116
2461,1.0670
2462,1.6786
2463,6.8559
2464,37.7695
2465,37.7695
2466,1.0670
2467,4.5081
2468,1.6786
2469,2.5102
2470,3.5116
2471,8.9097
2472,3.5116
2473,5.1347
2474,8.9097
2475,69.0776
2476,1.0670
2477,3.5116
2478,2.6651
2479,1.0670
2480,5.9663
2481,2.6651
2482,3.5116
2483,3.5116
2484,1.0670
2485,1.0670
2486,3.6858
2487,2.2818
2488,6.8559
2489,1.6786
2490,2.2818
2491,1.0670
2492,4.2975
2493,1.0670
2494,8.9097
2495,2.5102
2496,1.0670
2497,7.8572
2498,69.0776
2499,2.2818
2500,1.0670
2501,3.5116
2502,2.5102
2503,1.0670
2504,1.6786
2505,2.6651
2506,2.2818
2507,1.0670
2508,2.6651
2509,4.2975
2510,8.9097
2511,1.0670
2512,1.0670
2513,3.5116
2514,1.6786
2515,1.0670
2516,2.5102
2517,8.9097
2518,1.0670
2519,3.5116
2520,69.0776
2521,2.5102
2522,2.5102
2523,69.0776
2524,5.1347
2525,8.9097
2526,3.5116
2527,1.6786
2528,2.6651
2529,8.9097
2530,2.5102
2531,2.5102
2532,2.5102
2533,1.0670
2534,69.0776
2535,1.6786
2536,8.9097
2537,2.2818
2538,4.2975
2539,4.1084
2540,8.9097
2541,37.7695
2542,6.8559
2543,1.0670
2544,2.6651
2545,3.5116
2546,1.0670
2547,2.5102
2548,3.5116
2549,3.5116
2550,6.8559
2551,3.5116
2552,2.5102
2553,5.1291
2554,3.5116
2555,3.5116
2556,2.6651
2557,2.5102
2558,1.0670
2559,1.0670
2560,1.6786
2561,2.5102
2562,3.5116
2563,1.0670
2564,2.6651
2565,2.6651
2566,3.5116
2567,2.5102
2568,1.6786
2569,2.6651
2570,2.5102
2571,69.0776
2572,3.5116
2573,2.2818
2574,1.6786
2575,5.1097
2576,4.5081
2577,3.5116
2578,69.0776
2579,3.5116
2580,3.5116
2581,2.2818
2582,4.2975
2583,2.2818
2584,1.0670
2585,3.5116
2586,8.9097
2587,69.0776
2588,3.5116
2589,5.1347
2590,1.0670
2591,1.0670
2592,2.2818
2593,6.8559
2594,3.5116
2595,8.9097
2596,1.0670
2597,37.7695
2598,4.2975
2599,1.0670
2600,1.6786
2601,4.2975
2602,1.0670
2603,2.6651
2604,2.6651
2605,4.2975
2606,2.5102
2607,8.9097
2608,2.5102
2609,3.5116
2610,2.5102
2611,3.5116
2612,1.6786
2613,6.8559
2614,4.2975
2615,3.5116
2616,1.0670
2617,2.2818
2618,6.8559
2619,1.0670
2620,1.0670
2621,1.6786
2622,3.5116
2623,3.5116
2624,1.6786
2625,6.9677
2626,4.2975
2627,3.5116
2628,8.9097
2629,2.6651
2630,69.0776
2631,2.2818
2632,2.6651
2633,69.0776
2634,2.5102
2635,1.0670
2636,2.5102
2637,6.8559
2638,1.0670
2639,1.0670
2640,6.8559
2641,1.6786
2642,1.0670
2643,2.2818
2644,1.0670
2645,6.8559
2646,1.6786
2647,5.1347
2648,8.9097
2649,1.0670
2650,2.5102
2651,3.5116
2652,2.5102
2653,2.2818
2654,1.0670
2655,1.0670
2656,1.0670
2657,1.6786
2658,37.7695
2659,6.8559
2660,3.5116
2661,1.0670
2662,2.5102
2663,2.5102
2664,2.5102
2665,1.0670
2666,2.5102
2667,1.0670
2668,2.2818
2669,1.0670
2670,69.0776
2671,69.0776
2672,2.5102
2673,1.6786
2674,6.8559
2675,6.8559
2676,7.9084
2677,1.6786
2678,4.2975
2679,2.5102
2680,2.5102
2681,69.0776
2682,1.6786
2683,69.0776
2684,1.6786
2685,1.6786
2686,1.6786
2687,1.0670
2688,5.9663
2689,1.0670
2690,1.6786
2691,5.1097
2692,3.5116
2693,2.6651
2694,2.6651
2695,4.5081
2696,3.5116
2697,1.6786
2698,1.0670
2699,1.0670
2700,2.6651
2701,8.9097
2702,4.2975
2703,2.2818
2704,69.0776
2705,1.0670
2706,3.5116
2707,1.0670
2708,2.2818
2709,3.5116
2710,1.0670
2711,1.6786
2712,6.8559
2713,2.2818
2714,2.2818
2715,1.0670
2716,1.0670
2717,6.8559
2718,2.2818
2719,37.7695
2720,4.1084
2721,2.2818
2722,1.0670
2723,4.2975
2724,2.2818
2725,1.6786
2726,5.1291
2727,69.0776
2728,1.0670
2729,2.2818
2730,2.6651
2731,5.1347
2732,1.6786
2733,2.5102
2734,69.0776
2735,1.6786
2736,3.5116
2737,69.0776
2738,2.2818
2739,6.8559
2740,3.5116
2741,1.6786
2742,1.6786
2743,69.0776
2744,2.5102
2745,1.0670
2746,3.6858
2747,2.5102
2748,5.9663
2749,8.9097
2750,1.0670
2751,1.0670
2752,1.0670
2753,1.0670
2754,8.1844
2755,2.5102
2756,2.5102
2757,1.6786
2758,1.6786
2759,2.2818
2760,1.6786
2761,8.9097
2762,2.2818
2763,1.0670
2764,6.8559
2765,1.0670
2766,8.9097
2767,2.5102
2768,3.5116
2769,1.0670
2770,6.8559
2771,3.5116
2772,2.2818
2773,8.9097
2774,37.7695
2775,2.5102
2776,8.9097
2777,3.5116
2778,37.7695
2779,3.5116
2780,2.5102
2781,1.6786
2782,1.0670
2783,4.1084
2784,1.0670
2785,1.6786
2786,5.1347
2787,1.6786
2788,6.8559
2789,8.9097
2790,1.0670
2791,4.1084
2792,69.0776
2793,2.6651
2794,1.0670
2795,3.5116
2796,2.5102
2797,1.6786
2798,2.2818
2799,3.5116
2800,4.2975
2801,1.0670
2802,5.1097
2803,8.9097
2804,1.6786
2805,8.9097
2806,6.8559
2807,6.8559
2808,1.0670
2809,2.6651
2810,1.6786
2811,1.0670
2812,2.2818
2813,1.0670
2814,1.0670
2815,8.9097
2816,3.5116
2817,3.5116
2818,1.0670
2819,2.5102
2820,4.2975
2821,4.2975
2822,8.9097
2823,1.0670
2824,2.5102
2825,3.5116
2826,6.8559
2827,3.5116
2828,1.6786
2829,2.5102
2830,3.5116
2831,1.6786
2832,1.0670
2833,2.6651
2834,2.5102
2835,2.5102
2836,2.6651
2837,69.0776
2838,3.5116
2839,8.9097
2840,69.0776
2841,5.1347
2842,1.6786
2843,5.1347
2844,1.0670
2845,2.5102
2846,2.5102
2847,2.6651
2848,3.5116
2849,2.5102
2850,1.0670
2851,2.6651
2852,6.8559
2853,1.0670
2854,2.5102
2855,8.9097
2856,3.5116
2857,2.5102
2858,5.1347
2859,4.2975
2860,69.0776
2861,2.6651
2862,2.6651
2863,69.0776
2864,1.6786
2865,1.0670
2866,1.6786
2867,3.5116
2868,69.0776
2869,2.6651
2870,2.5102
2871,1.0670
2872,1.0670
2873,1.0670
2874,4.2975
2875,2.6651
2876,2.6651
2877,8.9097
2878,4.5081
2879,3.5116
2880,1.6786
2881,3.5116
2882,1.0670
2883,1.6786
2884,2.6651
2885,2.2818
2886,4.2975
2887,1.6786
2888,1.6786
2889,69.0776
2890,3.5116
2891,69.0776
2892,1.6786
2893,1.0670
2894,8.9097
2895,1.0670
2896,2.6651
2897,69.0776
2898,2.5102
2899,7.9084
2900,2.6651
2901,3.5116
2902,1.0670
2903,1.0670
2904,4.1084
2905,5.1347
2906,3.5116
2907,5.9663
2908,2.5102
2909,8.9097
2910,5.1097
2911,4.2975
2912,1.6786
2913,1.6786
2914,3.5116
2915,4.5081
2916,1.6786
2917,2.5102
2918,5.1097
2919,2.2818
2920,2.5102
2921,2.6651
2922,4.5081
2923,2.5102
2924,2.5102
2925,5.1291
2926,2.6651
2927,2.6651
2928,1.0670
2929,2.6651
2930,2.6651
2931,1.0670
2932,69.0776
2933,2.5102
2934,37.7695
2935,1.6786
2936,4.2975
2937,3.5116
2938,3.5116
2939,1.0670
2940,3.5116
2941,3.5116
2942,1.0670
2943,1.0670
2944,5.9663
2945,2.5102
2946,1.0670
2947,2.5102
2948,37.7695
2949,3.5116
2950,7.9084
2951,69.0776
2952,5.1347
2953,69.0776
2954,1.6786
2955,2.2818
2956,2.6651
2957,3.5116
2958,1.0670
2959,2.6651
2960,1.0670
2961,1.0670
2962,69.0776
2963,1.6786
2964,3.5116
2965,5.1347
2966,6.8559
2967,2.5102
2968,1.0670
2969,3.5116
2970,1.0670
2971,3.6858
2972,3.5116
2973,2.2818
2974,3.5116
2975,1.6786
2976,8.9097
2977,2.5102
2978,2.2818
2979,2.5102
2980,7.9084
2981,6.8559
2982,1.0670
2983,2.5102
2984,8.9097
2985,1.0670
2986,69.0776
2987,2.5102
2988,1.6786
2989,6.8559
2990,2.2818
2991,2.5102
2992,69.0776
2993,2.6651
2994,7.9084
2995,4.5081
2996,1.6786
2997,2.6651
2998,1.6786
2999,2.6651
3000,5.1347
3001,2.5102
3002,2.2818
3003,2.6651
3004,8.9097
3005,8.9097
3006,2.2818
3007,3.5116
3008,1.6786
3009,1.0670
3010,1.0670
3011,4.2975
3012,1.0670
3013,2.5102
3014,1.0670
3015,1.0670
3016,2.2818
3017,1.0670
3018,8.9097
3019,69.0776
3020,1.0670
3021,3.5116
3022,1.6786
3023,1.0670
3024,8.9097
3025,4.5081
3026,2.2818
3027,2.6651
3028,3.5116
3029,2.2818
3030,4.2975
3031,1.6786
3032,6.8559
3033,69.0776
3034,2.5102
3035,5.9663
3036,8.9097
3037,6.8559
3038,4.5081
3039,5.9663
3040,1.0670
3041,1.0670
3042,1.0670
3043,1.6786
3044,2.5102
3045,1.0670
3046,6.8559
3047,2.6651
3048,2.5102
3049,5.1347
3050,2.5102
3051,4.2975
3052,1.6786
3053,5.1291
3054,1.6786
3055,5.9663
3056,3.5116
3057,1.6786
3058,2.2818
3059,5.1347
3060,1.0670
3061,1.0670
3062,69.0776
3063,69.0776
3064,8.9097
3065,2.6651
3066,1.0670
3067,4.2975
3068,3.5116
3069,8.9097
3070,5.9663
3071,69.0776
3072,1.0670
3073,1.6786
3074,1.0670
3075,1.0670
3076,2.6651
3077,8.9097
3078,1.6786
3079,1.0670
3080,2.2818
3081,2.5102
3082,1.6786
3083,2.5102
3084,37.7695
3085,6.8559
3086,3.5116
3087,1.0670
3088,5.9663
3089,1.0670
3090,2.6651
3091,8.9097
3092,69.0776
3093,2.2818
3094,6.1304
3095,1.0670
3096,8.9097
3097,1.6786
3098,2.5102
3099,5.1097
3100,7.9084
3101,1.0670
3102,8.9097
3103,2.2818
3104,1.6786
3105,69.0776
3106,5.1347
3107,6.8559
3108,8.9097
3109,3.6858
3110,1.0670
3111,8.9097
3112,1.0670
3113,2.5102
3114,69.0776
3115,1.0670
3116,1.0670
3117,1.0670
3118,1.0670
3119,2.6651
3120,3.5116
3121,1.0670
3122,6.8559
3123,69.0776
3124,2.6651
3125,2.6651
3126,2.5102
3127,1.0670
3128,6.8559
3129,69.0776
3130,1.6786
3131,2.2818
3132,2.5102
3133,2.6651
3134,1.0670
3135,1.0670
3136,1.0670
3137,1.0670
3138,1.6786
3139,7.9084
3140,1.6786
3141,1.0670
3142,1.6786
3143,8.9097
3144,3.5116
3145,1.6786
3146,69.0776
3147,2.2818
3148,1.0670
3149,1.6786
3150,2.5102
3151,3.5116
3152,2.2818
3153,2.5102
3154,8.9097
3155,1.0670
3156,1.6786
3157,1.6786
3158,2.5102
3159,2.6651
3160,69.0776
3161,3.5116
3162,2.2818
3163,2.6651
3164,3.5116
3165,1.0670
3166,6.8559
3167,3.5116
3168,2.5102
3169,1.0670
3170,1.0670
3171,69.0776
3172,37.7695
3173,5.1347
3174,69.0776
3175,1.6786
3176,2.5102
3177,6.8559
3178,3.6858
3179,2.5102
3180,7.9084
3181,2.6651
3182,2.2818
3183,1.6786
3184,3.5116
3185,1.0670
3186,2.6651
3187,2.5102
3188,2.5102
3189,69.0776
3190,8.9097
3191,4.2975
3192,3.5116
3193,2.5102
3194,2.2818
3195,1.0670
3196,8.9097
3197,2.6651
3198,1.0670
3199,1.6786
3200,1.6786
3201,1.0670
3202,2.5102
3203,4.2975
3204,1.6786
3205,2.2818
3206,1.0670
3207,2.6651
3208,3.5116
3209,4.1084
3210,3.5116
3211,3.5116
3212,1.6786
3213,2.6651
3214,8.9097
3215,2.5102
3216,1.0670
3217,1.0670
3218,4.2975
3219,2.5102
3220,2.5102
3221,2.6651
3222,1.6786
3223,3.6858
3224,1.0670
3225,2.6651
3226,6.8559
3227,1.0670
3228,1.0670
3229,5.9663
3230,3.5116
3231,1.0670
3232,2.5102
3233,69.0776
3234,8.9097
3235,3.5116
3236,1.0670
3237,2.6651
3238,2.2818
3239,6.8559
3240,1.0670
3241,1.0670
3242,2.2818
3243,8.9097
3244,2.6651
3245,1.0670
3246,2.5102
3247,2.6651
3248,2.5102
3249,3.5116
3250,8.9097
3251,37.7695
3252,1.0670
3253,1.6786
3254,2.6651
3255,2.5102
3256,7.9084
3257,8.9097
3258,1.6786
3259,2.5102
3260,69.0776
3261,1.6786
3262,37.7695
3263,1.6786
3264,5.1097
3265,1.0670
3266,1.6786
3267,6.8559
3268,1.6786
3269,1.6786
3270,2.5102
3271,7.9084
3272,1.6786
3273,6.8559
3274,1.0670
3275,2.5102
3276,5.1347
3277,69.0776
3278,5.9663
3279,2.6651
3280,69.0776
3281,2.6651
3282,1.0670
3283,1.0670
3284,1.6786
3285,5.9663
3286,2.2818
3287,3.5116
3288,1.0670
3289,2.5102
3290,2.5102
3291,2.6651
3292,1.6786
3293,37.7695
3294,3.5116
3295,8.9097
3296,1.6786
3297,69.0776
3298,2.5102
3299,1.6786
3300,8.9097
3301,2.2818
3302,8.9097
3303,2.5102
3304,8.9097
3305,3.5116
3306,1.0670
3307,4.2975
3308,1.6786
3309,69.0776
3310,1.0670
3311,2.5102
3312,1.0670
3313,37.7695
3314,8.9097
3315,1.0670
3316,2.2818
3317,37.7695
3318,1.6786
3319,2.6651
3320,4.2975
3321,1.0670
3322,8.9097
3323,1.0670
3324,2.5102
3325,1.0670
3326,2.5102
3327,4.2975
3328,2.6651
3329,37.7695
3330,1.6786
3331,2.6651
3332,1.0670
3333,1.6786
3334,2.5102
3335,69.0776
3336,3.5116
3337,4.2975
3338,1.6786
3339,1.6786
3340,1.0670
3341,3.5116
3342,1.0670
3343,5.1291
3344,5.9663
3345,2.6651
3346,8.9097
3347,2.5102
3348,37.7695
3349,1.6786
3350,37.7695
3351,3.5116
3352,3.5116
3353,5.1347
3354,1.0670
3355,5.1347
3356,2.5102
3357,8.9097
3358,3.5116
3359,8.9097
3360,1.0670
3361,1.6786
3362,3.5116
3363,4.2975
3364,1.0670
3365,1.6786
3366,1.0670
3367,4.5081
3368,3.5116
3369,2.6651
3370,1.6786
3371,3.5116
3372,2.5102
3373,2.5102
3374,4.5081
3375,1.0670
3376,2.5102
3377,1.0670
3378,6.8559
3379,2.5102
3380,69.0776
3381,2.5102
3382,1.6786
3383,2.5102
3384,1.0670
3385,1.6786
3386,1.0670
3387,2.5102
3388,1.0670
3389,6.8559
3390,1.6786
3391,1.0670
3392,3.5116
3393,4.2975
3394,2.2818
3395,2.5102
3396,2.5102
3397,1.0670
3398,2.6651
3399,2.5102
3400,8.9097
3401,2.2818
3402,7.9084
3403,3.5116
3404,4.2975
3405,3.5116
3406,5.9663
3407,2.5102
3408,3.5116
3409,69.0776
3410,7.9084
3411,6.8559
3412,7.9084
3413,69.0776
3414,1.0670
3415,1.6786
3416,4.2975
3417,6.1304
3418,2.5102
3419,2.2818
3420,69.0776
3421,1.0670
3422,69.0776
3423,3.5116
3424,6.8559
3425,2.6651
3426,6.1304
3427,1.6786
3428,1.6786
3429,3.5116
3430,69.0776
3431,1.6786
3432,2.5102
3433,1.0670
3434,6.8559
3435,1.0670
3436,3.5116
3437,1.6786
3438,2.6651
3439,2.5102
3440,8.9097
3441,69.0776
3442,6.8559
3443,1.6786
3444,3.5116
3445,2.2818
3446,2.5102
3447,69.0776
3448,8.9097
3449,1.6786
3450,2.2818
3451,2.5102
3452,5.1097
3453,69.0776
3454,2.2818
3455,3.5116
3456,1.6786
3457,1.0670
3458,2.6651
3459,8.9097
3460,37.7695
3461,2.6651
3462,2.5102
3463,2.5102
3464,1.6786
3465,1.0670
3466,1.0670
3467,2.5102
3468,2.5102
3469,2.5102
3470,2.5102
3471,3.5116
3472,69.0776
3473,4.5081
3474,1.0670
3475,3.5116
3476,6.8559
3477,5.1347
3478,8.9097
3479,3.5116
3480,3.5116
3481,8.9097
3482,3.6858
3483,3.6858
3484,2.5102
3485,3.5116
3486,2.5102
3487,69.0776
3488,3.5116
3489,2.2818
3490,69.0776
3491,2.6651
3492,1.0670
3493,69.0776
3494,6.8559
3495,3.5116
3496,1.0670
3497,2.2818
3498,69.0776
3499,1.6786
3500,7.9084
3501,2.5102
3502,3.5116
3503,6.8559
3504,5.9663
3505,3.5116
3506,2.2818
3507,2.5102
3508,1.0670
3509,2.6651
3510,2.5102
3511,1.6786
3512,8.9097
3513,2.2818
3514,1.6786
3515,8.9097
3516,69.0776
3517,5.1347
3518,1.0670
3519,1.6786
3520,1.6786
3521,1.6786
3522,1.0670
3523,1.6786
3524,69.0776
3525,5.1347
3526,2.6651
3527,1.0670
3528,7.8572
3529,1.0670
3530,1.6786
3531,5.1347
3532,1.0670
3533,6.9677
3534,4.5081
3535,3.5116
3536,2.2818
3537,2.2818
3538,1.0670
3539,2.6651
3540,3.6858
3541,2.6651
3542,1.0670
3543,8.9097
3544,3.5116
3545,3.5116
3546,4.1084
3547,1.0670
3548,69.0776
3549,1.6786
3550,6.8559
3551,2.2818
3552,2.2818
3553,1.0670
3554,1.0670
3555,37.7695
3556,1.6786
3557,1.0670
3558,2.5102
3559,6.9677
3560,3.5116
3561,1.6786
3562,2.5102
3563,69.0776
3564,6.8559
3565,2.6651
3566,3.5116
3567,2.2818
3568,3.5116
3569,2.5102
3570,1.6786
3571,2.5102
3572,6.8559
3573,1.6786
3574,2.5102
3575,1.6786
3576,1.6786
3577,3.5116
3578,1.0670
3579,1.0670
3580,1.6786
3581,1.0670
3582,5.1347
3583,1.6786
3584,2.5102
3585,6.8559
3586,2.2818
3587,2.5102
3588,1.0670
3589,1.6786
3590,8.9097
3591,1.6786
3592,5.1291
3593,1.0670
3594,1.6786
3595,8.9097
3596,1.6786
3597,1.0670
3598,6.8559
3599,2.5102
3600,37.7695
3601,2.5102
3602,1.0670
3603,4.2975
3604,1.0670
3605,5.1347
3606,2.2818
3607,1.0670
3608,3.5116
3609,1.6786
3610,3.5116
3611,2.6651
3612,2.5102
3613,4.2975
3614,8.9097
3615,3.5116
3616,3.5116
3617,5.1291
3618,3.5116
3619,5.1097
3620,6.8559
3621,6.8559
3622,2.5102
3623,6.8559
3624,2.2818
3625,1.0670
3626,1.6786
3627,3.5116
3628,1.6786
3629,2.2818
3630,3.5116
3631,69.0776
3632,3.5116
3633,3.5116
3634,2.5102
3635,37.7695
3636,2.6651
3637,1.6786
3638,2.2818
3639,8.9097
3640,2.2818
3641,1.6786
3642,3.5116
3643,5.1291
3644,69.0776
3645,6.8559
3646,2.2818
3647,1.0670
3648,5.9663
3649,4.2975
3650,2.2818
3651,2.5102
3652,8.9097
3653,1.0670
3654,2.5102
3655,2.5102
3656,1.0670
3657,3.5116
3658,6.1304
3659,2.6651
3660,3.5116
3661,2.2818
3662,2.2818
3663,2.5102
3664,1.6786
3665,1.6786
3666,2.5102
3667,5.9663
3668,1.6786
3669,2.5102
3670,6.8559
3671,37.7695
3672,2.5102
3673,5.1097
3674,4.2975
3675,1.6786
3676,1.6786
3677,7.9084
3678,2.5102
3679,1.0670
3680,1.6786
3681,3.5116
3682,3.5116
3683,4.2975
3684,2.2818
3685,1.6786
3686,5.1291
3687,2.2818
3688,1.0670
3689,69.0776
3690,2.5102
3691,69.0776
3692,5.9663
3693,69.0776
3694,1.0670
3695,1.0670
3696,6.8559
3697,6.8559
3698,3.5116
3699,1.0670
3700,3.5116
3701,1.6786
3702,69.0776
3703,2.5102
3704,6.8559
3705,4.2975
3706,2.2818
3707,2.6651
3708,3.5116
3709,69.0776
3710,69.0776
3711,1.0670
3712,4.2975
3713,3.5116
3714,3.5116
3715,2.2818
3716,1.6786
3717,1.6786
3718,3.5116
3719,1.6786
3720,1.0670
3721,1.6786
3722,1.6786
3723,2.5102
3724,69.0776
3725,1.0670
3726,1.6786
3727,6.8559
3728,8.9097
3729,2.6651
3730,8.9097
3731,2.2818
3732,1.0670
3733,3.5116
3734,3.5116
3735,1.6786
3736,4.5081
3737,1.0670
3738,2.2818
3739,69.0776
3740,2.2818
3741,3.5116
3742,4.5081
3743,3.5116
3744,2.2818
3745,6.8559
3746,6.8559
3747,1.6786
3748,3.5116
3749,2.2818
3750,37.7695
3751,4.2975
3752,2.2818
3753,3.5116
3754,2.5102
3755,6.9677
3756,1.6786
3757,1.0670
3758,1.0670
3759,2.6651
3760,6.8559
3761,2.5102
3762,2.5102
3763,2.5102
3764,4.2975
3765,4.2975
3766,38.2757
3767,4.2975
3768,1.0670
3769,1.0670
3770,1.0670
3771,1.0670
3772,3.5116
3773,3.5116
3774,1.6786
3775,2.5102
3776,2.5102
3777,1.0670
3778,7.9084
3779,6.8559
3780,5.1291
3781,2.2818
3782,8.9097
3783,2.5102
3784,2.5102
3785,2.2818
3786,1.6786
3787,2.6651
3788,2.5102
3789,1.0670
3790,2.5102
3791,5.9663
3792,4.1084
3793,37.7695
3794,4.1084
3795,8.9097
3796,1.0670
3797,37.7695
3798,3.5116
3799,1.0670
3800,1.0670
3801,37.7695
3802,6.8559
3803,3.5116
3804,1.6786
3805,2.5102
3806,2.2818
3807,1.0670
3808,1.6786
3809,3.5116
3810,37.7695
3811,1.0670
3812,2.2818
3813,1.0670
3814,2.5102
3815,5.9663
3816,1.0670
3817,7.9084
3818,69.0776
3819,1.6786
3820,3.5116
3821,1.0670
3822,69.0776
3823,1.0670
3824,2.5102
3825,1.0670
3826,2.5102
3827,1.6786
3828,1.0670
3829,7.9084
3830,1.6786
3831,1.6786
3832,2.6651
3833,2.5102
3834,8.9097
3835,2.5102
3836,69.0776
3837,1.0670
3838,69.0776
3839,2.5102
3840,69.0776
3841,3.5116
3842,2.5102
3843,1.0670
3844,2.2818
3845,1.0670
3846,37.7695
3847,3.6858
3848,5.1291
3849,2.5102
3850,3.5116
3851,1.0670
3852,69.0776
3853,1.6786
3854,2.6651
3855,3.5116
3856,1.0670
3857,2.5102
3858,5.1347
3859,2.2818
3860,2.6651
3861,1.0670
3862,1.0670
3863,3.5116
3864,69.0776
3865,2.6651
3866,2.6651
3867,2.5102
3868,1.6786
3869,1.0670
3870,2.6651
3871,69.0776
3872,69.0776
3873,3.5116
3874,37.7695
3875,8.9097
3876,2.5102
3877,4.2975
3878,69.0776
3879,1.0670
3880,3.5116
3881,3.5116
3882,3.5116
3883,2.2818
3884,69.0776
3885,2.6651
3886,1.6786
3887,8.9097
3888,8.9097
3889,1.6786
3890,2.5102
3891,1.0670
3892,2.5102
3893,69.0776
3894,3.6858
3895,2.2818
3896,4.2975
3897,2.2818
3898,3.5116
3899,2.2818
3900,6.8559
3901,1.6786
3902,2.5102
3903,2.5102
3904,7.8572
3905,1.6786
3906,69.0776
3907,3.5116
3908,2.5102
3909,5.1347
3910,8.9097
3911,1.0670
3912,1.0670
3913,2.6651
3914,2.6651
3915,2.5102
3916,2.6651
3917,69.0776
3918,2.6651
3919,1.0670
3920,7.8572
3921,1.0670
3922,69.0776
3923,3.5116
3924,4.2975
3925,1.0670
3926,8.9097
3927,1.0670
3928,2.2818
3929,2.5102
3930,1.6786
3931,5.1347
3932,1.6786
3933,2.2818
3934,69.0776
3935,2.5102
3936,2.2818
3937,8.9097
3938,5.1097
3939,2.6651
3940,2.6651
3941,1.0670
3942,3.5116
3943,2.5102
3944,2.5102
3945,1.0670
3946,1.0670
3947,8.9097
3948,2.5102
3949,2.5102
3950,4.1084
3951,69.0776
3952,1.6786
3953,3.5116
3954,3.5116
3955,3.5116
3956,1.0670
3957,2.5102
3958,2.5102
3959,2.5102
3960,1.6786
3961,1.6786
3962,6.9677
3963,2.5102
3964,6.9677
3965,69.0776
3966,8.9097
3967,6.8559
3968,3.5116
3969,5.9663
3970,8.9097
3971,1.0670
3972,2.5102
3973,1.0670
3974,1.6786
3975,2.5102
3976,1.6786
3977,1.0670
3978,8.9097
3979,7.9084
3980,8.9097
3981,1.0670
3982,69.0776
3983,69.0776
3984,2.6651
3985,37.7695
3986,2.5102
3987,1.6786
3988,4.2975
3989,37.7695
3990,2.5102
3991,1.6786
3992,2.6651
3993,2.2818
3994,1.0670
3995,8.9097
3996,2.2818
3997,2.5102
3998,1.0670
3999,1.6786
4000,2.5102
4001,69.0776
4002,1.6786
4003,69.0776
4004,2.6651
4005,1.6786
4006,2.2818
4007,1.6786
4008,4.2975
4009,6.8559
4010,1.6786
4011,6.8559
4012,2.2818
4013,1.6786
4014,1.0670
4015,3.5116
4016,1.0670
4017,3.5116
4018,6.8559
4019,1.6786
4020,2.5102
4021,1.6786
4022,5.9663
4023,2.5102
4024,6.8559
4025,3.5116
4026,2.2818
4027,1.0670
4028,6.8559
4029,2.5102
4030,6.8559
4031,1.0670
4032,6.8559
4033,2.5102
4034,2.5102
4035,8.9097
4036,3.5116
4037,1.6786
4038,69.0776
4039,1.0670
4040,2.5102
4041,2.5102
4042,8.9097
4043,1.6786
4044,2.2818
4045,3.5116
4046,2.5102
4047,2.6651
4048,1.0670
4049,6.8559
4050,1.6786
4051,3.5116
4052,3.5116
4053,69.0776
4054,5.9663
4055,1.0670
4056,8.9097
4057,3.5116
4058,2.6651
4059,1.0670
4060,2.5102
4061,37.7695
4062,1.0670
4063,1.6786
4064,2.2818
4065,3.5116
4066,3.5116
4067,1.6786
4068,2.5102
4069,3.5116
4070,3.5116
4071,1.0670
4072,6.8559
4073,3.5116
4074,37.7695
4075,1.6786
4076,69.0776
4077,1.0670
4078,3.5116
4079,6.8559
4080,2.6651
4081,3.5116
4082,69.0776
4083,4.2975
4084,3.5116
4085,2.5102
4086,5.1347
4087,2.6651
4088,3.5116
4089,6.8559
4090,1.6786
4091,1.6786
4092,1.0670
4093,2.2818
4094,3.5116
4095,2.6651
4096,8.9097
4097,2.5102
4098,3.5116
4099,3.6858
4100,8.9097
4101,1.0670
4102,8.9097
4103,3.5116
4104,1.0670
4105,1.0670
4106,2.5102
4107,2.6651
4108,1.6786
4109,6.8559
4110,1.0670
4111,2.2818
4112,8.9097
4113,1.0670
4114,2.6651
4115,1.6786
4116,7.8572
4117,8.9097
4118,4.2975
4119,1.0670
4120,1.0670
4121,6.8559
4122,3.5116
4123,1.0670
4124,2.5102
4125,69.0776
4126,69.0776
4127,2.5102
4128,1.6786
4129,1.0670
4130,5.1347
4131,1.0670
4132,2.2818
4133,3.5116
4134,69.0776
4135,2.5102
4136,2.6651
4137,2.2818
4138,69.0776
4139,2.5102
4140,5.9663
4141,4.2975
4142,1.6786
4143,40.2177
4144,69.0776
4145,3.5116
4146,2.6651
4147,1.6786
4148,2.5102
4149,2.6651
4150,1.6786
4151,1.0670
4152,2.6651
4153,1.6786
4154,2.2818
4155,3.5116
4156,69.0776
4157,3.5116
4158,8.9097
4159,1.6786
4160,2.6651
4161,2.5102
4162,69.0776
4163,7.9084
4164,37.7695
4165,1.0670
4166,1.6786
4167,2.5102
4168,2.5102
4169,2.2818
4170,2.2818
4171,1.0670
4172,2.2818
4173,2.5102
4174,2.5102
4175,4.5081
4176,1.0670
4177,1.6786
4178,2.5102
4179,37.4384
4180,6.8559
4181,2.6651
4182,69.0776
4183,69.0776
4184,69.0776
4185,1.0670
4186,4.2975
4187,7.9084
4188,2.2818
4189,5.1291
4190,3.5116
4191,6.8559
4192,1.6786
4193,2.5102
4194,1.0670
4195,3.5116
4196,3.5116
4197,1.6786
4198,2.5102
4199,1.0670
4200,69.0776
4201,1.6786
4202,3.5116
4203,8.9097
4204,1.6786
4205,1.0670
4206,1.6786
4207,1.0670
4208,1.0670
4209,2.2818
4210,1.0670
4211,3.5116
4212,8.9097
4213,1.6786
4214,69.0776
4215,1.0670
4216,1.6786
4217,1.6786
4218,1.0670
4219,4.1084
4220,1.6786
4221,1.6786
4222,6.8559
4223,5.1291
4224,2.2818
4225,2.5102
4226,1.0670
4227,1.0670
4228,2.5102
4229,2.6651
4230,1.6786
4231,1.6786
4232,3.5116
4233,8.9097
4234,69.0776
4235,1.0670
4236,1.6786
4237,4.2975
4238,2.2818
4239,2.6651
4240,1.6786
4241,1.0670
4242,6.8559
4243,2.5102
4244,1.6786
4245,37.7695
4246,3.5116
4247,3.5116
4248,1.6786
4249,1.0670
4250,4.2975
4251,1.0670
4252,69.0776
4253,2.5102
4254,69.0776
4255,2.5102
4256,2.2818
4257,2.6651
4258,37.7695
4259,5.1347
4260,3.5116
4261,2.5102
4262,69.0776
4263,69.0776
4264,5.9663
4265,1.0670
4266,1.6786
4267,1.0670
4268,37.7695
4269,1.6786
4270,2.6651
4271,4.2975
4272,2.5102
4273,69.0776
4274,2.2818
4275,2.2818
4276,69.0776
4277,1.0670
4278,2.6651
4279,3.5116
4280,3.5116
4281,3.5116
4282,2.2818
4283,1.0670
4284,69.0776
4285,6.8559
4286,3.6858
4287,3.5116
4288,4.1084
4289,8.9097
4290,2.5102
4291,4.1084
4292,2.2818
4293,2.5102
4294,5.1347
4295,5.1097
4296,1.0670
4297,69.0776
4298,5.9663
4299,2.5102
4300,3.5116
4301,1.0670
4302,1.0670
4303,69.0776
4304,3.5116
4305,1.0670
4306,3.5116
4307,5.1347
4308,2.6651
4309,69.0776
4310,1.0670
4311,1.0670
4312,1.0670
4313,3.5116
4314,6.8559
4315,6.1304
4316,1.6786
4317,7.9084
4318,2.5102
4319,1.0670
4320,2.6651
4321,1.0670
4322,69.0776
4323,1.0670
4324,1.0670
4325,3.5116
4326,2.2818
4327,1.6786
4328,3.5116
4329,2.6651
4330,1.6786
4331,2.2818
4332,1.6786
4333,1.0670
4334,69.0776
4335,8.9097
4336,1.6786
4337,69.0776
4338,37.7695
4339,1.0670
4340,1.0670
4341,2.2818
4342,2.5102
4343,3.5116
4344,1.6786
4345,1.6786
4346,2.5102
4347,69.0776
4348,69.0776
4349,1.0670
4350,2.2818
4351,5.1347
4352,1.0670
4353,69.0776
4354,2.5102
4355,7.9084
4356,3.5116
4357,4.1084
4358,1.6786
4359,5.9663
4360,1.0670
4361,2.6651
4362,2.5102
4363,1.0670
4364,2.6651
4365,1.6786
4366,2.5102
4367,1.6786
4368,2.2818
4369,5.9663
4370,2.2818
4371,5.9663
4372,5.9663
4373,1.6786
4374,3.5116
4375,8.9097
4376,6.8559
4377,69.0776
4378,2.6651
4379,2.6651
4380,5.9663
4381,6.8559
4382,69.0776
4383,3.5116
4384,1.6786
4385,1.6786
4386,69.0776
4387,1.0670
4388,1.0670
4389,2.2818
4390,8.9097
4391,3.5116
4392,6.1304
4393,69.0776
4394,1.0670
4395,1.6786
4396,1.0670
4397,1.6786
4398,2.2818
4399,4.2975
4400,1.0670
4401,1.6786
4402,69.0776
4403,3.5116
4404,1.0670
4405,6.8559
4406,2.2818
4407,69.0776
4408,3.5116
4409,3.5116
4410,3.6858
4411,4.1084
4412,4.2975
4413,1.0670
4414,2.6651
4415,2.6651
4416,37.7695
4417,8.9097
4418,2.6651
4419,4.2975
4420,2.2818
4421,3.5116
4422,1.0670
4423,3.5116
4424,5.1347
4425,2.5102
4426,2.5102
4427,3.5116
4428,1.0670
4429,3.5116
4430,1.0670
4431,69.0776
4432,69.0776
4433,2.5102
4434,2.6651
4435,3.5116
4436,8.9097
4437,1.0670
4438,2.5102
4439,1.0670
4440,2.5102
4441,69.0776
4442,3.5116
4443,3.5116
4444,2.2818
4445,1.0670
4446,1.0670
4447,1.6786
4448,69.0776
4449,1.0670
4450,3.2768
4451,2.5102
4452,7.9084
4453,2.5102
4454,1.0670
4455,3.5116
4456,1.0670
4457,8.1844
4458,7.9084
4459,6.8559
4460,69.0776
4461,5.1347
4462,3.5116
4463,69.0776
4464,2.2818
4465,1.0670
4466,8.9097
4467,69.0776
4468,6.8559
4469,2.5102
4470,2.6651
4471,1.0670
4472,1.0670
4473,1.0670
4474,3.5116
4475,1.0670
4476,69.0776
4477,2.2818
4478,2.5102
4479,3.5116
4480,3.5116
4481,2.5102
4482,1.0670
4483,1.6786
4484,1.6786
4485,8.9097
4486,1.0670
4487,69.0776
4488,1.6786
4489,1.6786
4490,1.6786
4491,5.1097
4492,1.6786
4493,1.0670
4494,69.0776
4495,6.8559
4496,2.6651
4497,2.2818
4498,6.8559
4499,1.6786
4500,2.5102
4501,1.0670
4502,3.5116
4503,6.8559
4504,1.0670
4505,4.2975
4506,5.9663
4507,3.5116
4508,3.5116
4509,3.5116
4510,2.5102
4511,1.0670
4512,2.6651
4513,1.6786
4514,3.5116
4515,69.0776
4516,1.0670
4517,2.6651
4518,3.5116
4519,8.9097
4520,3.6858
4521,1.6786
4522,1.0670
4523,2.5102
4524,2.6651
4525,6.8559
4526,5.1347
4527,69.0776
4528,69.0776
4529,1.0670
4530,4.1084
4531,1.0670
4532,5.1097
4533,2.5102
4534,37.7695
4535,1.6786
4536,1.6786
4537,1.6786
4538,1.6786
4539,1.6786
4540,2.6651
4541,1.6786
4542,2.5102
4543,6.8559
4544,5.1291
4545,37.7695
4546,2.6651
4547,4.2975
4548,1.6786
4549,2.6651
4550,3.5116
4551,1.0670
4552,69.0776
4553,69.0776
4554,8.9097
4555,3.5116
4556,7.9084
4557,3.5116
4558,2.5102
4559,5.9663
4560,1.6786
4561,5.9663
4562,2.2818
4563,5.1347
4564,3.5116
4565,69.0776
4566,8.9097
4567,3.5116
4568,5.1347
4569,8.9097
4570,1.0670
4571,3.5116
4572,1.6786
4573,8.9097
4574,2.5102
4575,5.9663
4576,3.5116
4577,2.6651
4578,3.5116
4579,37.7695
4580,1.0670
4581,2.5102
4582,2.5102
4583,5.1347
4584,3.5116
4585,5.1291
4586,1.6786
4587,37.7695
4588,2.6651
4589,3.5116
4590,2.5102
4591,2.5102
4592,4.5081
4593,2.6651
4594,1.0670
4595,1.0670
4596,69.0776
4597,1.0670
4598,5.9663
4599,5.1291
4600,3.6858
4601,1.6786
4602,2.2818
4603,1.0670
4604,37.7695
4605,6.8559
4606,3.5116
4607,3.5116
4608,1.0670
4609,1.0670
4610,7.9084
4611,6.8559
4612,1.6786
4613,2.6651
4614,1.6786
4615,1.0670
4616,3.6858
4617,1.6786
4618,5.1097
4619,2.5102
4620,8.9097
4621,4.2975
4622,8.9097
4623,2.5102
4624,5.9663
4625,2.2818
4626,3.5116
4627,3.6858
4628,1.0670
4629,6.8559
4630,69.0776
4631,69.0776
4632,8.9097
4633,1.0670
4634,2.5102
4635,69.0776
4636,1.0670
4637,5.9663
4638,2.6651
4639,1.0670
4640,1.0670
4641,7.9084
4642,2.5102
4643,1.0670
4644,2.6651
4645,2.6651
4646,1.0670
4647,1.0670
4648,6.8559
4649,2.6651
4650,4.1084
4651,8.9097
4652,1.0670
4653,1.0670
4654,69.0776
4655,3.5116
4656,3.5116
4657,6.8559
4658,69.0776
4659,2.5102
4660,2.6651
4661,8.9097
4662,1.0670
4663,5.1097
4664,2.5102
4665,69.0776
4666,1.6786
4667,2.5102
4668,1.6786
4669,8.9097
4670,2.5102
4671,1.6786
4672,2.6651
4673,2.5102
4674,3.5116
4675,4.2975
4676,2.2818
4677,2.6651
4678,1.0670
4679,8.9097
4680,5.1291
4681,8.9097
4682,2.5102
4683,1.0670
4684,1.6786
4685,2.5102
4686,2.5102
4687,3.5116
4688,1.6786
4689,5.1347
4690,1.0670
4691,2.6651
4692,1.6786
4693,3.5116
4694,6.8559
4695,4.2975
4696,3.5116
4697,8.9097
4698,5.1291
4699,2.5102
4700,1.0670
4701,2.5102
4702,4.1084
4703,5.1347
4704,2.2818
4705,1.6786
4706,1.0670
4707,6.8559
4708,69.0776
4709,2.5102
4710,7.8572
4711,1.6786
4712,8.9097
4713,2.2818
4714,3.5116
4715,3.5116
4716,3.5116
4717,1.0670
4718,2.5102
4719,3.5116
4720,2.5102
4721,2.5102
4722,69.0776
4723,1.0670
4724,1.6786
4725,2.6651
4726,37.7695
4727,2.5102
4728,69.0776
4729,3.6858
4730,6.8559
4731,2.2818
4732,3.5116
4733,2.5102
4734,6.8559
4735,8.9097
4736,1.0670
4737,2.5102
4738,6.8559
4739,6.8559
4740,6.8559
4741,7.8572
4742,3.5116
4743,4.2975
4744,3.5116
4745,2.2818
4746,3.5116
4747,2.2818
4748,8.9097
4749,1.6786
4750,3.5116
4751,2.6651
4752,2.5102
4753,37.7695
4754,2.2818
4755,2.2818
4756,1.0670
4757,1.6786
4758,4.1084
4759,1.6786
4760,69.0776
4761,1.0670
4762,8.9097
4763,1.0670
4764,1.6786
4765,1.0670
4766,1.0670
4767,8.9097
4768,1.6786
4769,3.5116
4770,69.0776
4771,69.0776
4772,1.0670
4773,3.5116
4774,1.0670
4775,4.2975
4776,1.6786
4777,1.0670
4778,2.2818
4779,5.9663
4780,2.6651
4781,5.9663
4782,1.0670
4783,8.9097
4784,3.5116
4785,2.5102
4786,1.0670
4787,37.7695
4788,1.0670
4789,3.5116
4790,69.0776
4791,1.0670
4792,8.9097
4793,8.9097
4794,2.5102
4795,40.2177
4796,1.0670
4797,69.0776
4798,2.6651
4799,1.0670
4800,3.5116
4801,3.6858
4802,2.2818
4803,69.0776
4804,2.5102
4805,6.8559
4806,69.0776
4807,7.9084
4808,1.6786
4809,1.0670
4810,2.2818
4811,69.0776
4812,5.1347
4813,1.6786
4814,2.2818
4815,4.2975
4816,1.0670
4817,2.2818
4818,4.2975
4819,8.9097
4820,69.0776
4821,1.6786
4822,1.6786
4823,1.6786
4824,3.5116
4825,1.6786
4826,1.6786
4827,3.5116
4828,69.0776
4829,4.2975
4830,2.2818
4831,4.2975
4832,7.9084
4833,1.6786
4834,1.0670
4835,2.2818
4836,1.6786
4837,1.6786
4838,1.0670
4839,1.0670
4840,2.6651
4841,7.9084
4842,2.6651
4843,3.5116
4844,4.1084
4845,2.5102
4846,1.0670
4847,1.6786
4848,3.5116
4849,2.5102
4850,8.9097
4851,1.0670
4852,2.5102
4853,8.9097
4854,1.0670
4855,2.5102
4856,1.0670
4857,2.5102
4858,1.6786
4859,3.5116
4860,1.0670
4861,1.0670
4862,3.5116
4863,2.5102
4864,3.5116
4865,5.1347
4866,1.6786
4867,1.0670
4868,2.5102
4869,1.0670
4870,6.8559
4871,2.6651
4872,2.5102
4873,1.0670
4874,8.9097
4875,2.5102
4876,2.6651
4877,2.6651
4878,1.6786
4879,2.6651
4880,1.0670
4881,3.5116
4882,2.6651
4883,2.5102
4884,1.6786
4885,37.7695
4886,6.8559
4887,2.6651
4888,1.0670
4889,3.5116
4890,2.2818
4891,2.5102
4892,5.1347
4893,69.0776
4894,1.0670
4895,1.0670
4896,2.5102
4897,1.0670
4898,2.6651
4899,1.0670
4900,2.2818
4901,8.9097
4902,3.5116
4903,6.8559
4904,1.6786
4905,1.0670
4906,3.5116
4907,69.0776
4908,1.0670
4909,2.6651
4910,3.5116
4911,1.0670
4912,1.6786
4913,3.5116
4914,1.0670
4915,2.2818
4916,2.5102
4917,1.0670
4918,2.5102
4919,2.5102
4920,69.0776
4921,2.6651
4922,1.0670
4923,1.6786
4924,4.2975
4925,37.7695
4926,1.0670
4927,1.6786
4928,3.5116
4929,69.0776
4930,1.0670
4931,2.5102
4932,2.6651
4933,5.9663
4934,2.5102
4935,5.1347
4936,1.6786
4937,1.0670
4938,6.8559
4939,4.2975
4940,3.5116
4941,4.2975
4942,5.1291
4943,2.6651
4944,1.6786
4945,3.5116
4946,3.5116
4947,1.0670
4948,2.5102
4949,6.8559
4950,3.5116
4951,37.7695
4952,2.5102
4953,3.5116
4954,1.0670
4955,1.0670
4956,69.0776
4957,4.1084
4958,1.6786
4959,5.1347
4960,1.0670
4961,69.0776
4962,2.5102
4963,1.6786
4964,1.6786
4965,1.0670
4966,2.5102
4967,1.0670
4968,3.5116
4969,5.9663
4970,8.9097
4971,1.6786
4972,2.6651
4973,7.9084
4974,1.0670
4975,69.0776
4976,2.2818
4977,5.9663
4978,69.0776
4979,1.0670
4980,1.0670
4981,1.6786
4982,3.5116
4983,1.6786
4984,2.6651
4985,8.9097
4986,1.0670
4987,2.2818
4988,1.6786
4989,5.1347
4990,5.1097
4991,1.0670
4992,1.0670
4993,6.8559
4994,2.5102
4995,1.0670
4996,8.9097
4997,69.0776
4998,1.6786
4999,2.5102
5000,1.0670
5001,2.2818
5002,3.5116
5003,8.9097
5004,69.0776
5005,4.1084
5006,5.1347
5007,1.0670
5008,1.0670
5009,3.5116
5010,3.5116
5011,3.5116
5012,2.2818
5013,6.8559
5014,1.0670
5015,69.0776
5016,1.0670
5017,8.9097
5018,3.5116
5019,2.5102
5020,6.8559
5021,1.0670
5022,8.9097
5023,69.0776
5024,1.6786
5025,2.5102
5026,5.1347
5027,2.6651
5028,8.9097
5029,1.6786
5030,2.5102
5031,1.0670
5032,5.9663
5033,1.6786
5034,2.5102
5035,1.6786
5036,8.9097
5037,2.5102
5038,7.9084
5039,8.9097
5040,5.1347
5041,1.6786
5042,5.1291
5043,3.5116
5044,1.6786
5045,1.0670
5046,1.0670
5047,2.2818
5048,1.6786
5049,2.6651
5050,2.5102
5051,2.2818
5052,2.2818
5053,1.6786
5054,2.5102
5055,1.6786
5056,3.5116
5057,2.5102
5058,6.8559
5059,6.8559
5060,69.0776
5061,2.5102
5062,1.6786
5063,8.9097
5064,1.0670
5065,1.0670
5066,2.6651
5067,2.5102
5068,2.5102
5069,1.6786
5070,1.0670
5071,5.9663
5072,2.2818
5073,3.5116
5074,6.8559
5075,3.5116
5076,2.5102
5077,4.2975
5078,2.2818
5079,1.6786
5080,1.6786
5081,2.5102
5082,8.9097
5083,2.5102
5084,1.0670
5085,69.0776
5086,1.0670
5087,2.2818
5088,37.7695
5089,1.6786
5090,1.6786
5091,2.2818
5092,1.0670
5093,69.0776
5094,4.5081
5095,2.2818
5096,7.8572
5097,2.2818
5098,2.5102
5099,1.6786
5100,3.5116
5101,1.6786
5102,1.6786
5103,3.5116
5104,2.2818
5105,40.2177
5106,1.6786
5107,3.5116
5108,3.5116
5109,3.5116
5110,2.6651
5111,7.9084
5112,3.5116
5113,1.0670
5114,6.8559
5115,5.1097
5116,2.5102
5117,3.5116
5118,1.0670
5119,5.1097
5120,2.2818
5121,1.0670
5122,1.6786
5123,4.5081
5124,8.9097
5125,1.0670
5126,2.5102
5127,1.6786
5128,69.0776
5129,5.9663
5130,69.0776
5131,3.5116
5132,1.6786
5133,8.9097
5134,8.9097
5135,3.5116
5136,4.2975
5137,2.5102
5138,1.6786
5139,37.7695
5140,8.9097
5141,1.6786
5142,6.8559
5143,3.5116
5144,4.2975
5145,69.0776
5146,1.0670
5147,4.2975
5148,2.5102
5149,1.0670
5150,37.7695
5151,2.5102
5152,2.5102
5153,69.0776
5154,1.6786
5155,1.6786
5156,1.6786
5157,1.6786
5158,37.7695
5159,3.5116
5160,1.6786
5161,1.6786
5162,4.2975
5163,6.8559
5164,6.8559
5165,1.0670
5166,2.5102
5167,2.5102
5168,4.2975
5169,2.2818
5170,2.6651
5171,3.5116
5172,3.5116
5173,3.5116
5174,3.5116
5175,3.5116
5176,3.5116
5177,8.9097
5178,2.2818
5179,7.9084
5180,3.5116
5181,3.5116
5182,2.6651
5183,69.0776
5184,5.9663
5185,1.0670
5186,1.0670
5187,69.0776
5188,1.0670
5189,1.6786
5190,3.5116
5191,3.5116
5192,2.5102
5193,2.5102
5194,69.0776
5195,3.5116
5196,39.1652
5197,2.6651
5198,3.5116
5199,3.5116
5200,1.6786
5201,2.6651
5202,6.8559
5203,6.8559
5204,2.5102
5205,1.0670
5206,6.1304
5207,3.5116
5208,1.6786
5209,1.6786
5210,3.5116
5211,3.5116
5212,5.1347
5213,5.9663
5214,1.0670
5215,69.0776
5216,4.2975
5217,1.6786
5218,8.9097
5219,3.5116
5220,1.6786
5221,2.5102
5222,1.0670
5223,1.0670
5224,6.8559
5225,1.6786
5226,1.0670
5227,5.1097
5228,2.6651
5229,37.7695
5230,1.0670
5231,69.0776
5232,8.9097
5233,2.6651
5234,2.5102
5235,1.0670
5236,3.5116
5237,4.2975
5238,2.5102
5239,1.0670
5240,1.0670
5241,1.0670
5242,1.6786
5243,1.6786
5244,6.8559
5245,2.5102
5246,4.2975
5247,2.2818
5248,1.0670
5249,1.0670
5250,1.0670
5251,2.6651
5252,7.9084
5253,1.0670
5254,6.8559
5255,5.9663
5256,1.6786
5257,1.0670
5258,1.0670
5259,5.9663
5260,8.9097
5261,5.1291
5262,1.6786
5263,3.5116
5264,1.0670
5265,1.6786
5266,3.5116
5267,2.2818
5268,2.5102
5269,3.5116
5270,5.1097
5271,1.6786
5272,1.0670
5273,1.0670
5274,3.5116
5275,2.5102
5276,6.8559
5277,3.5116
5278,2.6651
5279,1.0670
5280,1.0670
5281,37.7695
5282,1.6786
5283,8.9097
5284,5.9663
5285,1.0670
5286,1.6786
5287,3.5116
5288,2.6651
5289,2.5102
5290,2.6651
5291,1.0670
5292,69.0776
5293,3.5116
5294,3.5116
5295,1.0670
5296,2.5102
5297,37.7695
5298,3.5116
5299,6.8559
5300,2.5102
5301,8.9097
5302,3.6858
5303,1.6786
5304,6.8559
5305,1.0670
5306,1.0670
5307,69.0776
5308,1.6786
5309,8.9097
5310,1.6786
5311,1.6786
5312,2.2818
5313,2.6651
5314,1.6786
5315,2.5102
5316,5.9663
5317,8.9097
5318,1.0670
5319,5.1347
5320,5.9663
5321,1.0670
5322,3.5116
5323,2.5102
5324,2.2818
5325,2.2818
5326,3.5116
5327,8.9097
5328,1.6786
5329,1.0670
5330,3.5116
5331,2.6651
5332,3.5116
5333,3.5116
5334,3.5116
5335,2.2818
5336,1.0670
5337,5.9663
5338,3.5116
5339,8.9097
5340,6.8559
5341,8.9097
5342,5.9663
5343,1.0670
5344,4.2975
5345,6.8559
5346,1.0670
5347,1.0670
5348,7.9084
5349,5.1347
5350,4.2975
5351,1.0670
5352,1.0670
5353,2.5102
5354,5.1347
5355,4.2975
5356,1.6786
5357,2.2818
5358,1.0670
5359,1.0670
5360,3.5116
5361,1.0670
5362,1.0670
5363,2.6651
5364,69.0776
5365,1.0670
5366,2.5102
5367,69.0776
5368,1.6786
5369,1.0670
5370,1.0670
5371,1.0670
5372,6.8559
5373,3.6858
5374,2.2818
5375,5.1347
5376,3.5116
5377,1.6786
5378,2.5102
5379,3.5116
5380,3.5116
5381,2.2818
5382,1.0670
5383,6.8559
5384,3.5116
5385,6.8559
5386,3.5116
5387,69.0776
5388,2.2818
5389,5.9663
5390,7.9084
5391,8.9097
5392,2.6651
5393,1.0670
5394,1.0670
5395,6.8559
5396,2.5102
5397,2.6651
5398,1.0670
5399,3.5116
5400,6.8559
5401,4.1084
5402,1.6786
5403,8.9097
5404,1.6786
5405,1.0670
5406,69.0776
5407,7.8572
5408,2.2818
5409,6.8559
5410,2.5102
5411,4.1084
5412,6.8559
5413,1.0670
5414,1.6786
5415,1.6786
5416,5.1347
5417,2.6651
5418,2.5102
5419,2.5102
5420,2.6651
5421,8.9097
5422,2.2818
5423,1.6786
5424,1.0670
5425,3.6858
5426,4.1084
5427,3.5116
5428,3.5116
5429,3.5116
5430,2.5102
5431,1.6786
5432,1.6786
5433,1.6786
5434,8.9097
5435,1.6786
5436,1.6786
5437,1.0670
5438,8.9097
5439,2.5102
5440,2.6651
5441,2.5102
5442,8.9097
5443,1.0670
5444,3.5116
5445,3.5116
5446,37.7695
5447,5.9663
5448,2.6651
5449,4.5081
5450,1.0670
5451,2.2818
5452,6.8559
5453,1.0670
5454,1.6786
5455,3.5116
5456,69.0776
5457,1.0670
5458,69.0776
5459,3.5116
5460,8.9097
5461,5.9663
5462,2.5102
5463,8.9097
5464,7.9084
5465,1.6786
5466,4.2975
5467,8.9097
5468,2.6651
5469,2.5102
5470,3.5116
5471,3.5116
5472,3.5116
5473,2.5102
5474,69.0776
5475,1.0670
5476,2.5102
5477,37.7695
5478,3.6858
5479,2.6651
5480,4.2975
5481,5.1291
5482,2.5102
5483,39.1652
5484,1.0670
5485,37.7695
5486,1.0670
5487,2.5102
5488,1.0670
5489,2.6651
5490,2.5102
5491,1.6786
5492,3.5116
5493,3.5116
5494,2.5102
5495,1.0670
5496,1.0670
5497,2.6651
5498,1.6786
5499,6.8559
5500,8.9097
5501,2.6651
5502,1.0670
5503,1.0670
5504,2.6651
5505,69.0776
5506,2.2818
5507,2.6651
5508,3.5116
5509,5.1291
5510,1.0670
5511,4.2975
5512,6.8559
5513,1.0670
5514,1.0670
5515,1.6786
5516,1.0670
5517,5.1291
5518,1.0670
5519,1.6786
5520,3.5116
5521,8.9097
5522,1.0670
5523,2.6651
5524,2.2818
5525,8.9097
5526,69.0776
5527,8.9097
5528,1.0670
5529,5.9663
5530,8.9097
5531,1.0670
5532,2.6651
5533,1.0670
5534,1.6786
5535,37.7695
5536,2.2818
5537,7.9084
5538,2.5102
5539,5.9663
5540,3.5116
5541,2.5102
5542,3.5116
5543,3.5116
5544,8.9097
5545,2.5102
5546,2.6651
5547,8.9097
5548,2.6651
5549,1.6786
5550,1.0670
5551,6.8559
5552,8.9097
5553,37.7695
5554,8.9097
5555,5.1291
5556,2.6651
5557,2.5102
5558,5.9663
5559,2.5102
5560,1.0670
5561,69.0776
5562,6.8559
5563,1.6786
5564,2.2818
5565,3.5116
5566,2.5102
5567,5.1347
5568,3.5116
5569,1.6786
5570,2.5102
5571,7.9084
5572,2.6651
5573,1.0670
5574,8.9097
5575,8.9097
5576,6.8559
5577,2.5102
5578,2.5102
5579,1.0670
5580,1.0670
5581,1.6786
5582,37.7695
5583,69.0776
5584,2.2818
5585,3.5116
5586,1.0670
5587,2.5102
5588,4.5081
5589,2.2818
5590,1.6786
5591,2.5102
5592,5.9663
5593,6.8559
5594,69.0776
5595,1.6786
5596,2.2818
5597,1.0670
5598,1.6786
5599,69.0776
5600,2.5102
5601,4.2975
5602,1.0670
5603,1.6786
5604,69.0776
5605,2.2818
5606,1.6786
5607,1.6786
5608,1.0670
5609,69.0776
5610,6.8559
5611,69.0776
5612,3.5116
5613,5.1097
5614,2.5102
5615,5.1097
5616,2.5102
5617,37.7695
5618,6.8559
5619,4.2975
5620,2.6651
5621,2.5102
5622,4.2975
5623,1.0670
5624,1.6786
5625,1.0670
5626,2.5102
5627,2.6651
5628,6.8559
5629,2.6651
5630,8.9097
5631,3.5116
5632,3.5116
5633,5.1097
5634,37.7695
5635,2.6651
5636,2.5102
5637,3.5116
5638,2.5102
5639,2.6651
5640,6.8559
5641,3.5116
5642,2.6651
5643,2.6651
5644,2.2818
5645,3.5116
5646,8.9097
5647,6.8559
5648,3.6858
5649,8.9097
5650,1.6786
5651,6.8559
5652,69.0776
5653,3.5116
5654,2.2818
5655,3.5116
5656,6.8559
5657,3.5116
5658,1.6786
5659,1.0670
5660,69.0776
5661,2.5102
5662,2.5102
5663,7.9084
5664,5.9663
5665,2.5102
5666,3.5116
5667,2.5102
5668,8.9097
5669,2.2818
5670,1.0670
5671,2.6651
5672,6.8559
5673,2.2818
5674,7.9084
5675,6.8559
5676,1.6786
5677,8.9097
5678,1.6786
5679,69.0776
5680,2.2818
5681,8.9097
5682,2.6651
5683,1.0670
5684,3.5116
5685,1.6786
5686,2.2818
5687,1.0670
5688,4.2975
5689,69.0776
5690,1.0670
5691,8.9097
5692,5.9663
5693,1.0670
5694,2.5102
5695,1.0670
5696,1.6786
5697,1.0670
5698,6.8559
5699,69.0776
5700,5.1291
5701,2.2818
5702,1.0670
5703,37.7695
5704,69.0776
5705,3.2768
5706,8.9097
5707,3.6858
5708,1.0670
5709,8.9097
5710,1.0670
5711,37.7695
5712,1.6786
5713,1.0670
5714,1.0670
5715,1.6786
5716,1.6786
5717,3.5116
5718,5.1291
5719,2.2818
5720,8.9097
5721,2.5102
5722,2.5102
5723,2.5102
5724,1.6786
5725,1.0670
5726,1.6786
5727,1.0670
5728,6.8559
5729,2.2818
5730,69.0776
5731,6.8559
5732,8.9097
5733,3.5116
5734,6.8559
5735,69.0776
5736,1.6786
5737,2.6651
5738,1.0670
5739,1.0670
5740,1.0670
5741,1.0670
5742,1.0670
5743,37.7695
5744,1.0670
5745,69.0776
5746,37.7695
5747,1.0670
5748,1.6786
5749,3.5116
5750,1.6786
5751,1.6786
5752,2.5102
5753,1.6786
5754,2.2818
5755,1.0670
5756,2.6651
5757,69.0776
5758,2.5102
5759,7.9084
5760,8.9097
5761,2.5102
5762,4.2975
5763,3.5116
5764,3.5116
5765,3.5116
5766,8.9097
5767,3.5116
5768,1.6786
5769,3.5116
5770,1.6786
5771,2.5102
5772,1.0670
5773,7.9084
5774,3.5116
5775,2.6651
5776,1.0670
5777,2.5102
5778,1.6786
5779,3.5116
5780,3.5116
5781,1.6786
5782,1.6786
5783,2.5102
5784,1.0670
5785,2.6651
5786,8.9097
5787,5.1291
5788,3.5116
5789,2.5102
5790,3.5116
5791,2.2818
5792,1.6786
5793,1.0670
5794,2.6651
5795,3.5116
5796,1.0670
5797,1.0670
5798,69.0776
5799,69.0776
5800,3.5116
5801,7.9084
5802,1.0670
5803,69.0776
5804,1.6786
5805,2.5102
5806,2.2818
5807,8.9097
5808,1.6786
5809,3.5116
5810,2.5102
5811,5.1347
5812,2.6651
5813,1.0670
5814,69.0776
5815,6.8559
5816,2.5102
5817,3.5116
5818,3.5116
5819,1.0670
5820,8.9097
5821,3.5116
5822,1.6786
5823,3.5116
5824,2.6651
5825,5.1291
5826,2.5102
5827,3.5116
5828,1.0670
5829,2.2818
5830,1.0670
5831,69.0776
5832,2.2818
5833,7.9084
5834,2.5102
5835,1.6786
5836,1.0670
5837,2.2818
5838,6.8559
5839,2.5102
5840,1.6786
5841,8.9097
5842,8.9097
5843,4.2975
5844,2.5102
5845,3.5116
5846,7.9084
5847,3.5116
5848,3.5116
5849,2.6651
5850,5.9663
5851,2.5102
5852,4.2975
5853,7.9084
5854,2.6651
5855,2.2818
5856,3.5116
5857,2.6651
5858,1.6786
5859,2.6651
5860,3.5116
5861,2.5102
5862,3.5116
5863,2.2818
5864,2.2818
5865,1.0670
5866,69.0776
5867,6.8559
5868,2.2818
5869,2.6651
5870,2.5102
5871,2.5102
5872,3.5116
5873,1.6786
5874,3.5116
5875,1.0670
5876,2.5102
5877,2.5102
5878,1.0670
5879,3.5116
5880,2.2818
5881,1.6786
5882,5.1097
5883,6.8559
5884,2.5102
5885,4.1084
5886,5.9663
5887,3.5116
5888,1.0670
5889,2.5102
5890,3.5116
5891,3.5116
5892,2.5102
5893,69.0776
5894,8.1844
5895,4.2975
5896,6.8559
5897,69.0776
5898,7.8572
5899,1.6786
5900,1.6786
5901,1.0670
5902,2.5102
5903,2.5102
5904,2.6651
5905,5.1347
5906,5.1347
5907,4.1084
5908,1.0670
5909,1.6786
5910,2.2818
5911,1.6786
5912,37.7695
5913,1.6786
5914,37.7695
5915,8.9097
5916,1.6786
5917,2.5102
5918,2.6651
5919,3.5116
5920,1.6786
5921,3.5116
5922,6.8559
5923,1.6786
5924,2.6651
5925,3.5116
5926,1.6786
5927,6.8559
5928,1.0670
5929,3.5116
5930,1.0670
5931,1.0670
5932,5.1347
5933,2.5102
5934,3.5116
5935,2.5102
5936,2.6651
5937,8.9097
5938,1.6786
5939,2.2818
5940,1.6786
5941,6.8559
5942,6.8559
5943,1.6786
5944,5.9663
5945,3.5116
5946,1.6786
5947,34.8196
5948,6.8559
5949,6.9677
5950,1.0670
5951,1.6786
5952,69.0776
5953,69.0776
5954,1.0670
5955,69.0776
5956,69.0776
5957,1.0670
5958,2.6651
5959,1.0670
5960,37.7695
5961,1.0670
5962,6.8559
5963,2.5102
5964,2.5102
5965,5.9663
5966,3.5116
5967,1.6786
5968,3.5116
5969,3.5116
5970,2.2818
5971,2.5102
5972,3.5116
5973,1.0670
5974,5.1347
5975,5.1291
5976,1.6786
5977,2.2818
5978,2.5102
5979,1.6786
5980,1.0670
5981,2.6651
5982,5.9663
5983,2.5102
5984,3.5116
5985,6.8559
5986,69.0776
5987,2.5102
5988,1.0670
5989,1.0670
5990,2.5102
5991,6.9677
5992,3.5116
5993,8.9097
5994,5.1347
5995,1.6786
5996,3.5116
5997,2.6651
5998,69.0776
5999,2.6651
6000,6.1304
6001,2.6651
6002,69.0776
6003,1.0670
6004,1.0670
6005,1.6786
6006,1.0670
6007,37.7695
6008,3.5116
6009,37.7695
6010,1.0670
6011,3.5116
6012,1.0670
6013,2.5102
6014,8.9097
6015,5.1291
6016,69.0776
6017,3.5116
6018,2.2818
6019,1.0670
6020,1.0670
6021,5.9663
6022,4.2975
6023,5.9663
6024,2.2818
6025,2.5102
6026,1.6786
6027,69.0776
6028,2.6651
6029,37.7695
6030,2.2818
6031,2.5102
6032,1.6786
6033,1.0670
6034,69.0776
6035,1.0670
6036,1.0670
6037,8.9097
6038,2.5102
6039,1.0670
6040,5.1347
6041,2.5102
6042,3.5116
6043,3.5116
6044,6.8559
6045,5.1347
6046,69.0776
6047,1.0670
6048,2.5102
6049,1.0670
6050,1.0670
6051,1.6786
6052,3.5116
6053,8.9097
6054,2.5102
6055,1.6786
6056,69.0776
6057,5.9663
6058,2.2818
6059,3.5116
6060,1.0670
6061,6.8559
6062,37.7695
6063,4.5081
6064,8.9097
6065,2.6651
6066,1.0670
6067,4.2975
6068,1.0670
6069,1.0670
6070,1.6786
6071,69.0776
6072,2.6651
6073,8.9097
6074,2.2818
6075,2.5102
6076,1.0670
6077,3.5116
6078,1.6786
6079,1.0670
6080,2.6651
6081,69.0776
6082,5.1347
6083,3.5116
6084,1.0670
6085,3.5116
6086,1.0670
6087,3.5116
6088,69.0776
6089,2.5102
6090,2.5102
6091,6.8559
6092,6.1304
6093,3.6858
6094,4.2975
6095,1.0670
6096,1.0670
6097,7.9084
6098,2.2818
6099,2.5102
6100,6.8559
6101,1.6786
6102,37.7695
6103,69.0776
6104,1.0670
6105,1.0670
6106,1.0670
6107,1.0670
6108,1.6786
6109,1.0670
6110,1.6786
6111,1.6786
6112,1.0670
6113,1.0670
6114,1.0670
6115,3.5116
6116,2.5102
6117,69.0776
6118,69.0776
6119,69.0776
6120,2.5102
6121,8.9097
6122,6.8559
6123,1.0670
6124,3.5116
6125,4.2975
6126,4.1084
6127,1.6786
6128,1.0670
6129,1.0670
6130,69.0776
6131,2.5102
6132,5.1347
6133,3.5116
6134,2.5102
6135,1.6786
6136,1.0670
6137,6.8559
6138,2.5102
6139,1.6786
6140,1.0670
6141,1.0670
6142,2.5102
6143,2.5102
6144,69.0776
6145,1.0670
6146,3.5116
6147,2.5102
6148,3.5116
6149,8.9097
6150,6.8559
6151,6.8559
6152,1.6786
6153,1.6786
6154,1.6786
6155,8.9097
6156,1.0670
6157,2.5102
6158,8.9097
6159,1.0670
6160,69.0776
6161,3.5116
6162,7.9084
6163,2.2818
6164,1.0670
6165,4.2975
6166,2.2818
6167,2.2818
6168,4.2975
6169,1.0670
6170,2.2818
6171,37.7695
6172,1.0670
6173,2.6651
6174,1.0670
6175,2.6651
6176,1.0670
6177,3.5116
6178,2.6651
6179,1.0670
6180,1.0670
6181,8.9097
6182,1.0670
6183,5.1291
6184,1.6786
6185,1.6786
6186,2.2818
6187,2.5102
6188,8.9097
6189,1.0670
6190,2.5102
6191,3.5116
6192,1.0670
6193,69.0776
6194,2.5102
6195,2.5102
6196,2.2818
6197,1.0670
6198,3.5116
6199,1.6786
6200,3.5116
6201,1.0670
6202,69.0776
6203,1.0670
6204,37.7695
6205,1.0670
6206,2.5102
6207,1.0670
6208,3.5116
6209,1.0670
6210,1.6786
6211,2.2818
6212,37.7695
6213,2.5102
6214,2.5102
6215,69.0776
6216,69.0776
6217,1.0670
6218,2.5102
6219,4.1084
6220,2.5102
6221,5.1347
6222,69.0776
6223,1.0670
6224,69.0776
6225,1.6786
6226,7.9084
6227,69.0776
6228,8.9097
6229,6.8559
6230,2.2818
6231,1.0670
6232,1.0670
6233,2.2818
6234,69.0776
6235,1.0670
6236,1.0670
6237,69.0776
6238,1.0670
6239,1.0670
6240,2.2818
6241,3.5116
6242,1.0670
6243,1.0670
6244,6.8559
6245,3.5116
6246,1.0670
6247,4.2975
6248,1.6786
6249,3.5116
6250,1.6786
6251,69.0776
6252,3.5116
6253,1.0670
6254,5.1347
6255,2.5102
6256,37.7695
6257,2.5102
6258,1.0670
6259,1.6786
6260,1.0670
6261,40.2177
6262,3.5116
6263,37.7695
6264,69.0776
6265,1.6786
6266,1.6786
6267,2.5102
6268,1.6786
6269,1.6786
6270,2.5102
6271,2.6651
6272,2.2818
6273,3.5116
6274,69.0776
6275,7.9084
6276,2.5102
6277,2.6651
6278,4.1084
6279,2.5102
6280,2.5102
6281,1.0670
6282,1.6786
6283,7.8572
6284,2.5102
6285,6.8559
6286,2.5102
6287,1.0670
6288,1.0670
6289,2.6651
6290,1.0670
6291,1.0670
6292,6.9677
6293,8.9097
6294,2.2818
6295,2.2818
6296,3.5116
6297,2.5102
6298,5.1347
6299,1.0670
6300,69.0776
6301,8.9097
6302,2.5102
6303,1.6786
6304,3.5116
6305,3.5116
6306,1.6786
6307,3.5116
6308,3.5116
6309,2.5102
6310,2.2818
6311,4.2975
6312,3.5116
6313,2.2818
6314,6.8559
6315,8.9097
6316,1.6786
6317,3.5116
6318,1.0670
6319,4.2975
6320,8.9097
6321,1.0670
6322,3.5116
6323,8.9097
6324,2.2818
6325,2.2818
6326,6.8559
6327,2.5102
6328,2.6651
6329,2.5102
6330,69.0776
6331,69.0776
6332,8.9097
6333,6.8559
6334,69.0776
6335,3.5116
6336,1.0670
6337,1.0670
6338,69.0776
6339,2.5102
6340,3.5116
6341,2.5102
6342,6.8559
6343,2.5102
6344,4.2975
6345,8.9097
6346,8.9097
6347,3.5116
6348,1.0670
6349,69.0776
6350,8.9097
6351,1.0670
6352,6.8559
6353,1.0670
6354,8.9097
6355,1.0670
6356,2.5102
6357,6.8559
6358,1.0670
6359,1.0670
6360,1.6786
6361,5.9663
6362,3.5116
6363,2.5102
6364,8.9097
6365,2.6651
6366,1.0670
6367,1.0670
6368,2.6651
6369,8.9097
6370,1.0670
6371,1.6786
6372,7.9084
6373,2.2818
6374,3.5116
6375,4.1084
6376,4.2975
6377,2.2818
6378,2.5102
6379,2.2818
6380,1.0670
6381,2.2818
6382,2.5102
6383,1.0670
6384,69.0776
6385,3.5116
6386,1.6786
6387,2.6651
6388,6.8559
6389,2.5102
6390,2.5102
6391,8.9097
6392,2.5102
6393,2.6651
6394,4.5081
6395,1.6786
6396,5.1097
6397,3.6858
6398,1.0670
6399,3.5116
6400,2.2818
6401,1.0670
6402,5.1291
6403,1.0670
6404,1.0670
6405,6.8559
6406,2.5102
6407,2.5102
6408,2.5102
6409,1.6786
6410,1.6786
6411,2.5102
6412,3.5116
6413,1.0670
6414,69.0776
6415,8.9097
6416,2.5102
6417,69.0776
6418,1.0670
6419,3.5116
6420,6.8559
6421,6.8559
6422,2.5102
6423,1.0670
6424,37.7695
6425,3.5116
6426,2.5102
6427,1.0670
6428,5.9663
6429,2.5102
6430,2.5102
6431,1.6786
6432,1.0670
6433,7.8572
6434,2.6651
6435,6.8559
6436,1.0670
6437,2.2818
6438,8.9097
6439,2.5102
6440,6.8559
6441,37.7695
6442,8.9097
6443,69.0776
6444,6.8559
6445,2.2818
6446,2.5102
6447,3.5116
6448,6.8559
6449,2.5102
6450,5.9663
6451,2.5102
6452,2.2818
6453,1.6786
6454,1.0670
6455,1.0670
6456,2.5102
6457,8.9097
6458,2.5102
6459,37.7695
6460,4.2975
6461,1.0670
6462,6.8559
6463,3.5116
6464,2.6651
6465,2.6651
6466,69.0776
6467,7.9084
6468,1.0670
6469,2.2818
6470,2.2818
6471,2.6651
6472,3.5116
6473,5.9663
6474,1.6786
6475,1.0670
6476,3.5116
6477,3.5116
6478,2.5102
6479,2.6651
6480,2.5102
6481,3.5116
6482,4.2975
6483,1.0670
6484,2.5102
6485,3.5116
6486,69.0776
6487,69.0776
6488,2.2818
6489,3.5116
6490,8.9097
6491,1.0670
6492,6.8559
6493,6.8559
6494,1.0670
6495,5.1097
6496,1.0670
6497,69.0776
6498,1.0670
6499,1.0670
6500,1.6786
6501,1.0670
6502,3.5116
6503,1.0670
6504,1.0670
6505,37.7695
6506,69.0776
6507,1.0670
6508,1.0670
6509,1.0670
6510,5.9663
6511,1.6786
6512,3.5116
6513,69.0776
6514,3.5116
6515,1.6786
6516,2.6651
6517,1.0670
6518,69.0776
6519,1.0670
6520,69.0776
6521,69.0776
6522,3.5116
6523,1.0670
6524,8.9097
6525,1.0670
6526,2.2818
6527,2.6651
6528,69.0776
6529,4.1084
6530,69.0776
6531,69.0776
6532,2.6651
6533,1.0670
6534,1.0670
6535,3.5116
6536,8.9097
6537,4.2975
6538,3.5116
6539,69.0776
6540,1.6786
6541,2.5102
6542,1.0670
6543,1.0670
6544,2.5102
6545,2.5102
6546,69.0776
6547,1.0670
6548,3.5116
6549,2.2818
6550,3.5116
6551,7.8572
6552,69.0776
6553,2.5102
6554,6.8559
6555,2.5102
6556,2.6651
6557,2.2818
6558,2.2818
6559,1.0670
6560,3.5116
6561,1.6786
6562,3.5116
6563,6.9677
6564,6.8559
6565,2.6651
6566,2.5102
6567,8.9097
6568,69.0776
6569,3.5116
6570,4.2975
6571,5.1347
6572,1.0670
6573,37.7695
6574,1.6786
6575,6.8559
6576,1.6786
6577,1.0670
6578,2.5102
6579,1.6786
6580,3.5116
6581,2.6651
6582,7.9084
6583,2.6651
6584,5.1291
6585,2.6651
6586,2.5102
6587,6.8559
6588,69.0776
6589,2.5102
6590,1.0670
6591,3.5116
6592,3.5116
6593,69.0776
6594,1.6786
6595,1.0670
6596,1.0670
6597,2.6651
6598,2.5102
6599,69.0776
6600,1.0670
6601,5.1097
6602,1.6786
6603,5.1347
6604,3.5116
6605,1.0670
6606,2.2818
6607,1.0670
6608,3.5116
6609,2.2818
6610,1.0670
6611,8.9097
6612,2.2818
6613,3.5116
6614,3.5116
6615,1.0670
6616,1.6786
6617,2.5102
6618,3.5116
6619,4.2975
6620,6.8559
6621,4.1084
6622,1.0670
6623,1.0670
6624,1.6786
6625,2.2818
6626,3.5116
6627,1.0670
6628,1.6786
6629,2.6651
6630,3.5116
6631,2.6651
6632,1.0670
6633,6.8559
6634,37.7695
6635,5.9663
6636,1.0670
6637,1.6786
6638,2.5102
6639,6.8559
6640,2.2818
6641,1.0670
6642,6.8559
6643,2.6651
6644,1.0670
6645,1.0670
6646,3.5116
6647,1.0670
6648,1.6786
6649,2.2818
6650,3.5116
6651,1.0670
6652,2.2818
6653,6.8559
6654,69.0776
6655,2.5102
6656,69.0776
6657,1.6786
6658,1.0670
6659,2.6651
6660,5.1291
6661,3.5116
6662,1.6786
6663,2.6651
6664,4.2975
6665,3.5116
6666,2.2818
6667,3.5116
6668,4.2975
6669,1.6786
6670,2.6651
6671,2.6651
6672,6.1304
6673,2.2818
6674,1.6786
6675,69.0776
6676,2.6651
6677,8.9097
6678,2.2818
6679,5.1347
6680,2.5102
6681,4.5081
6682,1.6786
6683,3.5116
6684,6.8559
6685,7.9084
6686,8.9097
6687,1.6786
6688,69.0776
6689,2.5102
6690,3.5116
6691,2.5102
6692,2.6651
6693,69.0776
6694,4.2975
6695,69.0776
6696,69.0776
6697,8.9097
6698,1.6786
6699,37.7695
6700,2.2818
6701,8.9097
6702,2.5102
6703,1.0670
6704,69.0776
6705,2.5102
6706,1.0670
6707,1.0670
6708,3.5116
6709,5.9663
6710,69.0776
6711,8.9097
6712,1.0670
6713,1.0670
6714,3.5116
6715,2.6651
6716,3.5116
6717,5.1347
6718,3.5116
6719,69.0776
6720,1.6786
6721,2.5102
6722,3.5116
6723,5.1097
6724,3.5116
6725,5.1291
6726,6.8559
6727,8.9097
6728,1.6786
6729,1.0670
6730,3.5116
6731,3.5116
6732,5.9663
6733,5.9663
6734,2.5102
6735,3.5116
6736,69.0776
6737,2.6651
6738,2.5102
6739,3.5116
6740,1.0670
6741,5.9663
6742,5.9663
6743,69.0776
6744,6.8559
6745,1.0670
6746,3.5116
6747,37.7695
6748,69.0776
6749,1.6786
6750,2.5102
6751,2.5102
6752,1.0670
6753,69.0776
6754,1.6786
6755,2.6651
6756,2.2818
6757,7.9084
6758,2.5102
6759,2.6651
6760,1.0670
6761,2.2818
6762,6.8559
6763,2.5102
6764,6.8559
6765,8.9097
6766,1.0670
6767,69.0776
6768,2.2818
6769,5.1347
6770,5.1347
6771,8.9097
6772,6.8559
6773,3.5116
6774,2.5102
6775,69.0776
6776,1.6786
6777,4.2975
6778,37.7695
6779,1.0670
6780,5.1347
6781,2.6651
6782,5.1097
6783,7.9084
